id,nombre,creador_organizacion,descripcion_resumida,categorias_originales,categorias_normalizadas,tipo_de_tarea,autonomia,publico_objetivo,riesgo,Utilidad,Confiabilidad,Claridad,UX,Mantenimiento,Transparencia,Seguridad,score_total,senales_de_popularidad,ultima_actividad_en_archivo,modelos_observados,evidencia_en_archivo,alertas,system_role_messages_n,system_role_messages_nonempty_n,system_prompts_n_unicos,system_prompt_principal,system_prompt_principal_count,system_prompt_evidencia,system_prompt_nota
NO_GIZMO_ID,No disponible en archivo,No disponible en archivo,Evidencia de uso: New chat | Análisis de conversación | Análisis conversación psicológica | Análisis de GPTs creados | Reescribir respuesta asertiva...,Ausente,"investigación, marketing, diseño","análisis, escritura, planificación",copiloto,profesionales,bajo,5,4.2,4.2,3.6,4.97,4.4,4.6,4.477,1396,2025-12-31T21:06:48.425471+00:00,gpt-4o; gpt-5-thinking; gpt-5; o3; o1; gpt-5-1-thinking; research; gpt-5-2-thinking; gpt-4-5; gpt-5-1; gpt-5-2; auto; o4-mini-high; gpt-4-1; agent-mode; o4-mini; gpt-4o-mini; gpt-4,conversations.json: gizmo_id=NO_GIZMO_ID; títulos=New chat | Análisis de conversación | Análisis conversación psicológica | Análisis de GPTs creados | Reescribir respuesta asertiva; modelo=gpt-4o; gpt-5-thinking; gpt-5; o3; o1; gpt-5-1-thinking; research; gpt-5-2-thinking; gpt-4-5; gpt-5-1; gpt-5-2; auto; o4-mini-high; gpt-4-1; agent-mode; o4-mini; gpt-4o-mini; gpt-4,Títulos genéricos: clasificación basada en keywords puede ser ruidosa,4939,0,0,No disponible en archivo,0,No disponible en archivo,"En este export, los mensajes con role=system existen pero su `content.parts` viene vacío; no hay texto de system prompt del GPT."
g-68d5700b32948191b41800cd30d08603,No disponible en archivo,No disponible en archivo,Evidencia de uso: New chat | Mejorar prompt workflow | Estrategias contrato inmobiliario | Optimize SEO prompt | SEO article selection...,Ausente,"marketing, investigación, negocios","análisis, planificación, escritura",copiloto,profesionales,bajo,3.48,3.2,3.8,3.6,4.9,3.4,3.4,3.61,115,2025-12-27T22:01:45.585783+00:00,gpt-5-thinking; gpt-5; gpt-5-1-thinking; gpt-5-2-thinking; gpt-5-1; research,conversations.json: gizmo_id=g-68d5700b32948191b41800cd30d08603; títulos=New chat | Mejorar prompt workflow | Estrategias contrato inmobiliario | Optimize SEO prompt | SEO article selection; modelo=gpt-5-thinking; gpt-5; gpt-5-1-thinking; gpt-5-2-thinking; gpt-5-1; research,Títulos genéricos: clasificación basada en keywords puede ser ruidosa,402,0,0,No disponible en archivo,0,No disponible en archivo,"En este export, los mensajes con role=system existen pero su `content.parts` viene vacío; no hay texto de system prompt del GPT."
g-692f252a808c8191a16b6038bf68cc5d,No disponible en archivo,No disponible en archivo,Evidencia de uso: Análisis y comparación GPTs | Replantear estrategia inmobiliaria | Integrar modos argumentativos | Análisis y comparación narrativa | Propuesta días oficina...,Ausente,"investigación, marketing, negocios","análisis, escritura, planificación",copiloto,profesionales,bajo,3.14,4.2,4.2,3.6,4.97,4.4,4.6,4.013,66,2025-12-31T16:51:49.471611+00:00,gpt-5-1-thinking; gpt-5-2-thinking; gpt-5-1,conversations.json: gizmo_id=g-692f252a808c8191a16b6038bf68cc5d; títulos=Análisis y comparación GPTs | Replantear estrategia inmobiliaria | Integrar modos argumentativos | Análisis y comparación narrativa | Propuesta días oficina; modelo=gpt-5-1-thinking; gpt-5-2-thinking; gpt-5-1,,267,0,0,No disponible en archivo,0,No disponible en archivo,"En este export, los mensajes con role=system existen pero su `content.parts` viene vacío; no hay texto de system prompt del GPT."
g-68f87fc025d48191b35e8da278582669,No disponible en archivo,No disponible en archivo,Evidencia de uso: Instrucciones de uso | Revisión de texto | Mejora copy Instagram | Diseño plantilla finanzas | Guía de voz Finanz Butik...,Ausente,"investigación, marketing, diseño","análisis, escritura, generación",asistente,profesionales,bajo,2.97,3.6,3.4,3.2,4.7,2.2,4,3.382,49,2025-12-15T09:51:21.346451+00:00,gpt-5; gpt-5-thinking; gpt-5-2-thinking; gpt-4o; gpt-5-1-thinking,conversations.json: gizmo_id=g-68f87fc025d48191b35e8da278582669; títulos=Instrucciones de uso | Revisión de texto | Mejora copy Instagram | Diseño plantilla finanzas | Guía de voz Finanz Butik; modelo=gpt-5; gpt-5-thinking; gpt-5-2-thinking; gpt-4o; gpt-5-1-thinking,,231,0,0,No disponible en archivo,0,No disponible en archivo,"En este export, los mensajes con role=system existen pero su `content.parts` viene vacío; no hay texto de system prompt del GPT."
g-691685b0985c8191ae51fc5916f0715c,No disponible en archivo,No disponible en archivo,Evidencia de uso: Comparación de textos | Mejorar in copy out copy | Nombres de Dios en hebreo | Reescribir mensaje informal | Análisis y comparación estrategia...,Ausente,"investigación, marketing, negocios","análisis, escritura, planificación",copiloto,profesionales,bajo,2.87,2.6,3,3.2,4.7,1.2,2.8,2.878,42,2025-12-15T23:03:35.948502+00:00,gpt-5-1-thinking; gpt-5-2-thinking; gpt-5-1,conversations.json: gizmo_id=g-691685b0985c8191ae51fc5916f0715c; títulos=Comparación de textos | Mejorar in copy out copy | Nombres de Dios en hebreo | Reescribir mensaje informal | Análisis y comparación estrategia; modelo=gpt-5-1-thinking; gpt-5-2-thinking; gpt-5-1,,182,0,0,No disponible en archivo,0,No disponible en archivo,"En este export, los mensajes con role=system existen pero su `content.parts` viene vacío; no hay texto de system prompt del GPT."
g-p-6888430c222c81918b26bd68eec79392,No disponible en archivo,No disponible en archivo,Evidencia de uso: Redacción mensaje headhunter | Trabajo ejecutivo asistente | Job follow-up message | Correo seguimiento entrevista | Correo seguimiento vacante...,Ausente,"marketing, diseño, educación","escritura, análisis",asistente,estudiantes,bajo,2.83,2.6,3,3.2,3.62,1.2,2.8,2.759,39,2025-10-11T04:44:45.348256+00:00,gpt-5-thinking; o3; research,conversations.json: gizmo_id=g-p-6888430c222c81918b26bd68eec79392; títulos=Redacción mensaje headhunter | Trabajo ejecutivo asistente | Job follow-up message | Correo seguimiento entrevista | Correo seguimiento vacante; modelo=gpt-5-thinking; o3; research,,144,0,0,No disponible en archivo,0,No disponible en archivo,"En este export, los mensajes con role=system existen pero su `content.parts` viene vacío; no hay texto de system prompt del GPT."
g-690e323d2e0481918ac7fd39cb2c3973,No disponible en archivo,No disponible en archivo,Evidencia de uso: Operación Lex 3.2 | Análisis y comparación de prompts | Versiones del canvas | Estructura para mudanza perros | Diseño Agent entrenamiento canino...,Ausente,"salud/bienestar, marketing, diseño","análisis, agente/automatización, escritura",agente,profesionales,alto,2.59,3.2,3.8,3.6,4.65,3.4,1.6,1.909,26,2025-12-12T16:53:34.675687+00:00,gpt-5-1-thinking; gpt-5-thinking,conversations.json: gizmo_id=g-690e323d2e0481918ac7fd39cb2c3973; títulos=Operación Lex 3.2 | Análisis y comparación de prompts | Versiones del canvas | Estructura para mudanza perros | Diseño Agent entrenamiento canino; modelo=gpt-5-1-thinking; gpt-5-thinking,No recomendado (riesgo alto sin mitigaciones detectables); Tema sensible (YMYL) sin disclaimers detectables en el archivo,128,0,0,No disponible en archivo,0,No disponible en archivo,"En este export, los mensajes con role=system existen pero su `content.parts` viene vacío; no hay texto de system prompt del GPT."
g-694388b818688191ace858a682b6ed0b,No disponible en archivo,No disponible en archivo,Evidencia de uso: Análisis de Prompts GPT | Contrato de arrendamiento | Generación de captions y copy | Actualización de COPY Finanz Butik | NEXUS v1.1.1 detalles...,Ausente,"investigación, marketing, legal","análisis, escritura, generación",asistente,profesionales,alto,2.57,3.2,3.8,3.6,4.95,3.4,1.6,1.924,25,2025-12-30T06:51:45.955753+00:00,gpt-5-2-thinking; gpt-5-2,conversations.json: gizmo_id=g-694388b818688191ace858a682b6ed0b; títulos=Análisis de Prompts GPT | Contrato de arrendamiento | Generación de captions y copy | Actualización de COPY Finanz Butik | NEXUS v1.1.1 detalles; modelo=gpt-5-2-thinking; gpt-5-2,No recomendado (riesgo alto sin mitigaciones detectables); Tema sensible (YMYL) sin disclaimers detectables en el archivo,102,0,0,No disponible en archivo,0,No disponible en archivo,"En este export, los mensajes con role=system existen pero su `content.parts` viene vacío; no hay texto de system prompt del GPT."
g-p-691f9a86de688191814b3b2b2c27dfe2,No disponible en archivo,No disponible en archivo,Evidencia de uso: Explicar MOFs claramente | Explicar los MOFs claramente | Qué puedo hacer por ti | Redacción de correo | Modelos argumentativos comparados...,Ausente,"educación, investigación, negocios","análisis, escritura, tutoría",asistente,estudiantes,bajo,2.52,3.6,3.4,3.2,4.42,2.2,4,3.241,23,2025-11-28T05:59:39.315709+00:00,gpt-5-1-thinking; gpt-5-instant,conversations.json: gizmo_id=g-p-691f9a86de688191814b3b2b2c27dfe2; títulos=Explicar MOFs claramente | Explicar los MOFs claramente | Qué puedo hacer por ti | Redacción de correo | Modelos argumentativos comparados; modelo=gpt-5-1-thinking; gpt-5-instant,,234,0,0,No disponible en archivo,0,No disponible en archivo,"En este export, los mensajes con role=system existen pero su `content.parts` viene vacío; no hay texto de system prompt del GPT."
g-69409a5f99c481919e8b1d39f9597b2e,No disponible en archivo,No disponible en archivo,Evidencia de uso: Prompt para Copy Impactante | Resumen de fusión GPT | Control financiero de pareja | Evaluación de system prompt | Diseño de Workflows GPT...,Ausente,"investigación, diseño, marketing","análisis, consulta/búsqueda, escritura",asistente,profesionales,bajo,2.46,4.2,4.2,3.6,4.97,4.4,4.6,3.843,21,2025-12-31T20:44:11.568243+00:00,gpt-5-2-thinking; gpt-5-2,conversations.json: gizmo_id=g-69409a5f99c481919e8b1d39f9597b2e; títulos=Prompt para Copy Impactante | Resumen de fusión GPT | Control financiero de pareja | Evaluación de system prompt | Diseño de Workflows GPT; modelo=gpt-5-2-thinking; gpt-5-2,,152,0,0,No disponible en archivo,0,No disponible en archivo,"En este export, los mensajes con role=system existen pero su `content.parts` viene vacío; no hay texto de system prompt del GPT."
g-p-68edb7e617a881918d114fa29622ad34,No disponible en archivo,No disponible en archivo,Evidencia de uso: New chat | Mejora de prompt SEO | Estrategia SEO senior | Análisis SEO alto nivel | Case study iCowhide growth...,Ausente,"marketing, negocios, diseño","planificación, análisis, creatividad",copiloto,profesionales,bajo,2.46,2.6,3,3.2,3.72,1.2,2.8,2.678,21,2025-10-17T04:54:08.481589+00:00,gpt-5-thinking; agent-mode,conversations.json: gizmo_id=g-p-68edb7e617a881918d114fa29622ad34; títulos=New chat | Mejora de prompt SEO | Estrategia SEO senior | Análisis SEO alto nivel | Case study iCowhide growth; modelo=gpt-5-thinking; agent-mode,,89,0,0,No disponible en archivo,0,No disponible en archivo,"En este export, los mensajes con role=system existen pero su `content.parts` viene vacío; no hay texto de system prompt del GPT."
g-691cea7d754c8191b2d5fd1b7a301037,No disponible en archivo,No disponible en archivo,Evidencia de uso: Scan job description | CV adaptado a Copywriter | CV Adaptación Copywriter | SEO Manager Job Summary | Arcadion SEO Specialist prep...,Ausente,"marketing, programación, diseño","escritura, código, generación",asistente,técnicos,bajo,2.44,2.6,3,3.2,4.28,1.2,2.8,2.727,20,2025-11-20T22:40:24.069429+00:00,gpt-5-1-thinking; gpt-5-instant,conversations.json: gizmo_id=g-691cea7d754c8191b2d5fd1b7a301037; títulos=Scan job description | CV adaptado a Copywriter | CV Adaptación Copywriter | SEO Manager Job Summary | Arcadion SEO Specialist prep; modelo=gpt-5-1-thinking; gpt-5-instant,,313,0,0,No disponible en archivo,0,No disponible en archivo,"En este export, los mensajes con role=system existen pero su `content.parts` viene vacío; no hay texto de system prompt del GPT."
g-6903b3c083fc819195e97fc8962fd618,No disponible en archivo,No disponible en archivo,Evidencia de uso: Diseño GPT comparativo papers | Auditoría StylSmith GPT | Qué puede hacer asistente | Ensamblador de Prompts | Diseño de GPT para L’Oréal...,Ausente,"diseño, marketing, investigación","agente/automatización, escritura, análisis",agente,profesionales,bajo,2.44,4.2,4.2,3.6,4.97,4.4,4.6,3.836,20,2025-12-31T16:29:13.754814+00:00,gpt-5-thinking; gpt-5,conversations.json: gizmo_id=g-6903b3c083fc819195e97fc8962fd618; títulos=Diseño GPT comparativo papers | Auditoría StylSmith GPT | Qué puede hacer asistente | Ensamblador de Prompts | Diseño de GPT para L’Oréal; modelo=gpt-5-thinking; gpt-5,,105,0,0,No disponible en archivo,0,No disponible en archivo,"En este export, los mensajes con role=system existen pero su `content.parts` viene vacío; no hay texto de system prompt del GPT."
g-691e4a086ed48191b4ffe10a5da28128,No disponible en archivo,No disponible en archivo,Evidencia de uso: Comparación textos SO₂ | Análisis y comparación textos | Revisión de texto científico | Comparación de textos científicos | Revisión de capítulo científico...,Ausente,investigación,"análisis, generación",asistente,profesionales,bajo,2.41,2.6,3,3.2,4.28,1.2,2.8,2.72,19,2025-11-20T17:31:34.076447+00:00,gpt-5-1-thinking,conversations.json: gizmo_id=g-691e4a086ed48191b4ffe10a5da28128; títulos=Comparación textos SO₂ | Análisis y comparación textos | Revisión de texto científico | Comparación de textos científicos | Revisión de capítulo científico; modelo=gpt-5-1-thinking,,112,0,0,No disponible en archivo,0,No disponible en archivo,"En este export, los mensajes con role=system existen pero su `content.parts` viene vacío; no hay texto de system prompt del GPT."
g-68f6c63dfb9481919d1b7c9cf3ba08c7,No disponible en archivo,No disponible en archivo,Evidencia de uso: Hot message suggestion | Refine plan and structure | Refine SEO request email | Email response generation | User manual generation...,Ausente,"diseño, marketing, programación","planificación, generación, análisis",copiloto,técnicos,bajo,2.41,2.6,3,3.2,4.42,1.2,2.8,2.733,19,2025-11-28T20:49:10.839054+00:00,gpt-5; gpt-5-thinking; gpt-5-1-thinking,conversations.json: gizmo_id=g-68f6c63dfb9481919d1b7c9cf3ba08c7; títulos=Hot message suggestion | Refine plan and structure | Refine SEO request email | Email response generation | User manual generation; modelo=gpt-5; gpt-5-thinking; gpt-5-1-thinking,,91,0,0,No disponible en archivo,0,No disponible en archivo,"En este export, los mensajes con role=system existen pero su `content.parts` viene vacío; no hay texto de system prompt del GPT."
g-69409bb309f88191b83df36a14b23a00,No disponible en archivo,No disponible en archivo,Evidencia de uso: Outcopy para Finance Boutique | 2026 lecturas clave EE. UU. México | Análisis financiero 2025 | Recap 2025 Inversión México | Análisis patrones abusivos Renata...,Ausente,"investigación, marketing, finanzas","análisis, escritura, creatividad",asistente,profesionales,bajo,2.34,4.2,4.2,3.6,4.93,4.4,4.6,3.809,17,2025-12-29T23:58:22.473247+00:00,gpt-5-2-thinking,conversations.json: gizmo_id=g-69409bb309f88191b83df36a14b23a00; títulos=Outcopy para Finance Boutique | 2026 lecturas clave EE. UU. México | Análisis financiero 2025 | Recap 2025 Inversión México | Análisis patrones abusivos Renata; modelo=gpt-5-2-thinking,,77,0,0,No disponible en archivo,0,No disponible en archivo,"En este export, los mensajes con role=system existen pero su `content.parts` viene vacío; no hay texto de system prompt del GPT."
g-691531f857288191947fcaddbb2b53c9,No disponible en archivo,No disponible en archivo,Evidencia de uso: SEO GEO AEO audit | New chat | Mejorar instrucciones GPT | SEO GEO AEO strategy | SEO GEO AEO Audit...,Ausente,"marketing, educación",generación,asistente,estudiantes,bajo,2.27,2.6,3,3.2,4.58,1.2,2.8,2.716,15,2025-12-08T23:12:40.690780+00:00,gpt-5-1-thinking,conversations.json: gizmo_id=g-691531f857288191947fcaddbb2b53c9; títulos=SEO GEO AEO audit | New chat | Mejorar instrucciones GPT | SEO GEO AEO strategy | SEO GEO AEO Audit; modelo=gpt-5-1-thinking,,67,0,0,No disponible en archivo,0,No disponible en archivo,"En este export, los mensajes con role=system existen pero su `content.parts` viene vacío; no hay texto de system prompt del GPT."
g-a6Fpz8NRb,No disponible en archivo,No disponible en archivo,Evidencia de uso: Humanize AI text | SEO reoptimization example | Presentación profesional | Career summary and skills | Data analysis and policy writing...,Ausente,"diseño, marketing, educación",generación,asistente,estudiantes,bajo,2.23,2.6,3,3.2,3.37,1.2,2.8,2.584,14,2025-09-26T01:07:03.503472+00:00,o3; gpt-4o; gpt-5,conversations.json: gizmo_id=g-a6Fpz8NRb; títulos=Humanize AI text | SEO reoptimization example | Presentación profesional | Career summary and skills | Data analysis and policy writing; modelo=o3; gpt-4o; gpt-5,,29,0,0,No disponible en archivo,0,No disponible en archivo,"En este export, los mensajes con role=system existen pero su `content.parts` viene vacío; no hay texto de system prompt del GPT."
g-69083f17b72c8191929b16911f071f72,No disponible en archivo,No disponible en archivo,Evidencia de uso: GPT Orcquestador búsqueda laboral | New chat | Generar reporte SEO AEO | SEO GEO content optimizer | AI persona design...,Ausente,"marketing, diseño, negocios","generación, planificación, agente/automatización",agente,profesionales,bajo,2.23,2.6,3,3.2,4.25,1.2,2.8,2.673,14,2025-11-18T20:52:05.107951+00:00,gpt-5-thinking; gpt-5-1-thinking,conversations.json: gizmo_id=g-69083f17b72c8191929b16911f071f72; títulos=GPT Orcquestador búsqueda laboral | New chat | Generar reporte SEO AEO | SEO GEO content optimizer | AI persona design; modelo=gpt-5-thinking; gpt-5-1-thinking,,224,0,0,No disponible en archivo,0,No disponible en archivo,"En este export, los mensajes con role=system existen pero su `content.parts` viene vacío; no hay texto de system prompt del GPT."
g-p-691e4a824a908191805fb7230d21b28a,No disponible en archivo,No disponible en archivo,Evidencia de uso: Comparación de textos | Comparación textos A–E | Comparación MOFs SO₂ | Estabilidad de MOFs | Interacción SO2 con MOFs...,Ausente,investigación,"análisis, planificación",copiloto,profesionales,bajo,2.14,2.6,3,3.2,4.28,1.2,2.8,2.654,12,2025-11-20T17:08:32.751451+00:00,gpt-5-1-thinking,conversations.json: gizmo_id=g-p-691e4a824a908191805fb7230d21b28a; títulos=Comparación de textos | Comparación textos A–E | Comparación MOFs SO₂ | Estabilidad de MOFs | Interacción SO2 con MOFs; modelo=gpt-5-1-thinking,,76,0,0,No disponible en archivo,0,No disponible en archivo,"En este export, los mensajes con role=system existen pero su `content.parts` viene vacío; no hay texto de system prompt del GPT."
g-68ee93849af0819188ba7edb60900a73,No disponible en archivo,No disponible en archivo,Evidencia de uso: Carta presentación SEO | Carta de presentación SEO | Campaign content answer | Redacción cover letter Project Manager | Redactar cover letter Project Manager...,Ausente,"marketing, diseño","escritura, análisis",asistente,profesionales,bajo,2.14,2.6,3,3.2,3.88,1.2,2.8,2.614,12,2025-10-27T21:36:42.645786+00:00,gpt-5; gpt-5-thinking,conversations.json: gizmo_id=g-68ee93849af0819188ba7edb60900a73; títulos=Carta presentación SEO | Carta de presentación SEO | Campaign content answer | Redacción cover letter Project Manager | Redactar cover letter Project Manager; modelo=gpt-5; gpt-5-thinking,,75,0,0,No disponible en archivo,0,No disponible en archivo,"En este export, los mensajes con role=system existen pero su `content.parts` viene vacío; no hay texto de system prompt del GPT."
g-p-69291dc683208191b770f349205566bc,No disponible en archivo,No disponible en archivo,Evidencia de uso: Revisión de copy IG | Instrucciones personalizadas chatGPT | Resumen de contenido rodeo | Aplica Toulmin | Generar GPT investigador empresas...,Ausente,"educación, marketing, negocios","análisis, escritura, consulta/búsqueda",asistente,estudiantes,bajo,2.14,2.6,3,3.2,4.63,1.2,2.8,2.689,12,2025-12-11T22:07:16.586562+00:00,gpt-5-1-thinking,conversations.json: gizmo_id=g-p-69291dc683208191b770f349205566bc; títulos=Revisión de copy IG | Instrucciones personalizadas chatGPT | Resumen de contenido rodeo | Aplica Toulmin | Generar GPT investigador empresas; modelo=gpt-5-1-thinking,,58,0,0,No disponible en archivo,0,No disponible en archivo,"En este export, los mensajes con role=system existen pero su `content.parts` viene vacío; no hay texto de system prompt del GPT."
g-p-6855eeea991481919651f6568caae07b,No disponible en archivo,No disponible en archivo,Evidencia de uso: Brown Mascara Guide | Tinted vs Translucent Powder | BB vs CC Creams | SEO article creation | Glycolic Acid SEO Article...,Ausente,"diseño, marketing",generación,asistente,profesionales,bajo,2.09,1.6,1.8,1.8,3.48,1.2,2.8,2.042,11,2025-10-03T06:12:09.003595+00:00,gpt-4o; o3; gpt-4-5; gpt-5-thinking,conversations.json: gizmo_id=g-p-6855eeea991481919651f6568caae07b; títulos=Brown Mascara Guide | Tinted vs Translucent Powder | BB vs CC Creams | SEO article creation | Glycolic Acid SEO Article; modelo=gpt-4o; o3; gpt-4-5; gpt-5-thinking,,43,0,0,No disponible en archivo,0,No disponible en archivo,"En este export, los mensajes con role=system existen pero su `content.parts` viene vacío; no hay texto de system prompt del GPT."
g-69156ad25f6c8191926ad7eb1290331b,No disponible en archivo,No disponible en archivo,Evidencia de uso: New chat | Content proposal draft | Content proposal summary | HVAC service proposal | HVAC content rewrite...,Ausente,marketing,generación,asistente,profesionales,bajo,2.09,2.6,3,3.2,4.18,1.2,2.8,2.632,11,2025-11-14T04:47:56.619400+00:00,gpt-5-1-thinking,conversations.json: gizmo_id=g-69156ad25f6c8191926ad7eb1290331b; títulos=New chat | Content proposal draft | Content proposal summary | HVAC service proposal | HVAC content rewrite; modelo=gpt-5-1-thinking,,36,0,0,No disponible en archivo,0,No disponible en archivo,"En este export, los mensajes con role=system existen pero su `content.parts` viene vacío; no hay texto de system prompt del GPT."
g-p-68e3efce7f0481918a0519e7413a30bf,No disponible en archivo,No disponible en archivo,Evidencia de uso: SEO content editing | SEO content editing plan | Balayage content refinement | Artículo SEO Balayage | Hilo · Draft to polish...,Ausente,"marketing, investigación",planificación,copiloto,profesionales,bajo,1.98,1.6,1.8,1.8,3.53,1.2,2.8,2.019,9,2025-10-06T21:45:17.470543+00:00,gpt-5-thinking,conversations.json: gizmo_id=g-p-68e3efce7f0481918a0519e7413a30bf; títulos=SEO content editing | SEO content editing plan | Balayage content refinement | Artículo SEO Balayage | Hilo · Draft to polish; modelo=gpt-5-thinking,,40,0,0,No disponible en archivo,0,No disponible en archivo,"En este export, los mensajes con role=system existen pero su `content.parts` viene vacío; no hay texto de system prompt del GPT."
g-69069dfcd1b88191ad66b25ebb4e3c06,No disponible en archivo,No disponible en archivo,Evidencia de uso: Auditoría de PromptSpec v1.3 | Jugar y ganar backgammon | Auditoría de GPT | Diseño Brief Optimizer | Diseñar GPT para artículos...,Ausente,"diseño, investigación",generación,asistente,profesionales,bajo,1.98,4.2,4.2,3.6,3.98,4.4,4.6,3.624,9,2025-11-02T21:53:25.126658+00:00,gpt-5; gpt-5-thinking,conversations.json: gizmo_id=g-69069dfcd1b88191ad66b25ebb4e3c06; títulos=Auditoría de PromptSpec v1.3 | Jugar y ganar backgammon | Auditoría de GPT | Diseño Brief Optimizer | Diseñar GPT para artículos; modelo=gpt-5; gpt-5-thinking,,31,0,0,No disponible en archivo,0,No disponible en archivo,"En este export, los mensajes con role=system existen pero su `content.parts` viene vacío; no hay texto de system prompt del GPT."
g-69422d86b9a48191ae814610a91531ee,No disponible en archivo,No disponible en archivo,Evidencia de uso: Carrusel IG Inversionistas 2026 | Carrusel IG Copy | Copy fin de año | Property management ajustes | Proyecto Real Estate largo plazo...,Ausente,"marketing, finanzas, entretenimiento","escritura, creatividad, consulta/búsqueda",asistente,profesionales,medio,1.98,2.6,3,3.2,4.93,1.2,1.9,2.589,9,2025-12-29T22:39:39.208548+00:00,gpt-5-2-thinking,conversations.json: gizmo_id=g-69422d86b9a48191ae814610a91531ee; títulos=Carrusel IG Inversionistas 2026 | Carrusel IG Copy | Copy fin de año | Property management ajustes | Proyecto Real Estate largo plazo; modelo=gpt-5-2-thinking,Tema sensible (YMYL) sin disclaimers detectables en el archivo,34,0,0,No disponible en archivo,0,No disponible en archivo,"En este export, los mensajes con role=system existen pero su `content.parts` viene vacío; no hay texto de system prompt del GPT."
g-690554ed497081919c81d0b73c184e97,No disponible en archivo,No disponible en archivo,Evidencia de uso: Usos pinaverio dimeticona | Reducir texto sin perder función | Instrucciones para usarme | Editor L’Oréal Beauty Magazine | Resumir especificación PromptSpec...,Ausente,"investigación, entretenimiento","consulta/búsqueda, creatividad",asistente,profesionales,bajo,1.98,3.2,3.8,3.6,4,3.4,3.4,3.146,9,2025-11-03T05:10:06.303163+00:00,gpt-5-thinking; gpt-5,conversations.json: gizmo_id=g-690554ed497081919c81d0b73c184e97; títulos=Usos pinaverio dimeticona | Reducir texto sin perder función | Instrucciones para usarme | Editor L’Oréal Beauty Magazine | Resumir especificación PromptSpec; modelo=gpt-5-thinking; gpt-5,,34,0,0,No disponible en archivo,0,No disponible en archivo,"En este export, los mensajes con role=system existen pero su `content.parts` viene vacío; no hay texto de system prompt del GPT."
g-6912647eeaf881918385fb4024b11497,No disponible en archivo,No disponible en archivo,Evidencia de uso: Fusion report proposal | Fusion report and proposal | Missing inputs for report...,Ausente,otros,generación,asistente,general,bajo,1.92,2.6,3,3.2,4.18,1.2,2.8,2.588,8,2025-11-14T05:26:24.240720+00:00,gpt-5-thinking; gpt-5-1-thinking,conversations.json: gizmo_id=g-6912647eeaf881918385fb4024b11497; títulos=Fusion report proposal | Fusion report and proposal | Missing inputs for report; modelo=gpt-5-thinking; gpt-5-1-thinking,,57,0,0,No disponible en archivo,0,No disponible en archivo,"En este export, los mensajes con role=system existen pero su `content.parts` viene vacío; no hay texto de system prompt del GPT."
g-68ee9ba887788191bfd296e8fb93a1e2,No disponible en archivo,No disponible en archivo,Evidencia de uso: Mapa CV requisitos JD | Hilo · Estrategia de búsqueda laboral | Estrategia de búsqueda laboral | Estrategia búsqueda empleo tech | Detalles vacante LinkedIn...,Ausente,"negocios, diseño, marketing","escritura, planificación",copiloto,profesionales,bajo,1.92,2.6,3,3.2,3.7,1.2,2.8,2.54,8,2025-10-16T19:49:11.406615+00:00,gpt-5; gpt-5-thinking,conversations.json: gizmo_id=g-68ee9ba887788191bfd296e8fb93a1e2; títulos=Mapa CV requisitos JD | Hilo · Estrategia de búsqueda laboral | Estrategia de búsqueda laboral | Estrategia búsqueda empleo tech | Detalles vacante LinkedIn; modelo=gpt-5; gpt-5-thinking,,41,0,0,No disponible en archivo,0,No disponible en archivo,"En este export, los mensajes con role=system existen pero su `content.parts` viene vacío; no hay texto de system prompt del GPT."
g-694172b6d00481918bbdc7b1c158e3cd,No disponible en archivo,No disponible en archivo,Evidencia de uso: Palabras relacionadas al rodeo | Copy fin de año | Video feria rodeo | Caption Finanz butik | Mejorar Property Management...,Ausente,"marketing, entretenimiento","escritura, creatividad",asistente,profesionales,bajo,1.85,4.2,4.2,3.6,4.83,4.4,4.6,3.675,7,2025-12-23T21:07:10.479763+00:00,gpt-5-2-thinking,conversations.json: gizmo_id=g-694172b6d00481918bbdc7b1c158e3cd; títulos=Palabras relacionadas al rodeo | Copy fin de año | Video feria rodeo | Caption Finanz butik | Mejorar Property Management; modelo=gpt-5-2-thinking,,34,0,0,No disponible en archivo,0,No disponible en archivo,"En este export, los mensajes con role=system existen pero su `content.parts` viene vacío; no hay texto de system prompt del GPT."
g-68edd58d812081919dc5ea50bd9768b0,No disponible en archivo,No disponible en archivo,Evidencia de uso: Vacante USA Payroll Specialist | Campaign success summary | Carta de presentación SEM Manager | New chat | Job application assistance...,Ausente,"diseño, marketing",escritura,asistente,profesionales,bajo,1.85,2.6,3,3.2,3.67,1.2,2.8,2.518,7,2025-10-14T19:15:28.981239+00:00,gpt-5-thinking; gpt-5,conversations.json: gizmo_id=g-68edd58d812081919dc5ea50bd9768b0; títulos=Vacante USA Payroll Specialist | Campaign success summary | Carta de presentación SEM Manager | New chat | Job application assistance; modelo=gpt-5-thinking; gpt-5,,23,0,0,No disponible en archivo,0,No disponible en archivo,"En este export, los mensajes con role=system existen pero su `content.parts` viene vacío; no hay texto de system prompt del GPT."
g-694046a2fe988191bcb535991173d947,No disponible en archivo,No disponible en archivo,Evidencia de uso: Copy Carrusel IG 2026 | Copy Carrusel IG | Copy fin de año | Configuración de modos y lentes | Copys propósitos Año Nuevo...,Ausente,marketing,escritura,asistente,profesionales,bajo,1.85,2.6,3,3.2,4.93,1.2,2.8,2.645,7,2025-12-29T22:50:05.554634+00:00,gpt-5-2-thinking,conversations.json: gizmo_id=g-694046a2fe988191bcb535991173d947; títulos=Copy Carrusel IG 2026 | Copy Carrusel IG | Copy fin de año | Configuración de modos y lentes | Copys propósitos Año Nuevo; modelo=gpt-5-2-thinking,,28,0,0,No disponible en archivo,0,No disponible en archivo,"En este export, los mensajes con role=system existen pero su `content.parts` viene vacío; no hay texto de system prompt del GPT."
g-6953cb05fb948191a3279f19fcc7800b,No disponible en archivo,No disponible en archivo,Evidencia de uso: Configuración de copy original | Correcciones cliente One-Stop-Shop | Max 5 Slides Miami | Out Copy Cierre Año | Instrucciones personalización GPT...,Ausente,marketing,escritura,asistente,profesionales,bajo,1.85,3.2,3.8,3.6,5,3.4,3.4,3.212,7,2026-01-02T17:50:42.248361+00:00,gpt-5-2-thinking,conversations.json: gizmo_id=g-6953cb05fb948191a3279f19fcc7800b; títulos=Configuración de copy original | Correcciones cliente One-Stop-Shop | Max 5 Slides Miami | Out Copy Cierre Año | Instrucciones personalización GPT; modelo=gpt-5-2-thinking,,25,0,0,No disponible en archivo,0,No disponible en archivo,"En este export, los mensajes con role=system existen pero su `content.parts` viene vacío; no hay texto de system prompt del GPT."
g-68f89e6575548191b87ef18b54fcee5f,No disponible en archivo,No disponible en archivo,Evidencia de uso: Análisis de fuentes profundas | Cómo aprovecharme al máximo | Síntesis en tabla | Análisis y preguntas artículos | Explicación matrices investigación...,Ausente,"investigación, utilidades, educación","análisis, consulta/búsqueda, tutoría",asistente,estudiantes,bajo,1.85,2.6,3,3.2,3.88,1.2,2.8,2.54,7,2025-10-27T15:52:52.075821+00:00,gpt-5; gpt-4o; gpt-5-thinking,conversations.json: gizmo_id=g-68f89e6575548191b87ef18b54fcee5f; títulos=Análisis de fuentes profundas | Cómo aprovecharme al máximo | Síntesis en tabla | Análisis y preguntas artículos | Explicación matrices investigación; modelo=gpt-5; gpt-4o; gpt-5-thinking,,22,0,0,No disponible en archivo,0,No disponible en archivo,"En este export, los mensajes con role=system existen pero su `content.parts` viene vacío; no hay texto de system prompt del GPT."
g-p-6922e30240dc81919a914422c8b85ed2,No disponible en archivo,No disponible en archivo,Evidencia de uso: GPT especializado perros | Manejo de ansiedad canina | Actualización entrenamiento perros | Actualización sobre perros | Planes de entrenamiento perros...,Ausente,salud/bienestar,planificación,copiloto,general,alto,1.85,2.6,3,3.2,4.97,1.2,1,1.481,7,2025-12-31T16:08:40.374423+00:00,gpt-5-1-thinking; gpt-5-2-thinking,conversations.json: gizmo_id=g-p-6922e30240dc81919a914422c8b85ed2; títulos=GPT especializado perros | Manejo de ansiedad canina | Actualización entrenamiento perros | Actualización sobre perros | Planes de entrenamiento perros; modelo=gpt-5-1-thinking; gpt-5-2-thinking,No recomendado (riesgo alto sin mitigaciones detectables); Tema sensible (YMYL) sin disclaimers detectables en el archivo,33,0,0,No disponible en archivo,0,No disponible en archivo,"En este export, los mensajes con role=system existen pero su `content.parts` viene vacío; no hay texto de system prompt del GPT."
g-693363bb8fa481918b47450ed29e3b15,No disponible en archivo,No disponible en archivo,Evidencia de uso: Copy para Navidad | Citas para Rodeo Saltillo | Imágenes rodeo navideñas | Trends navideños rodeos | Buscar publicaciones navideñas...,Ausente,marketing,"consulta/búsqueda, escritura",asistente,profesionales,bajo,1.85,1.6,1.8,1.8,4.62,1.2,2.8,2.093,7,2025-12-10T16:14:59.294957+00:00,gpt-5-1-thinking; gpt-5-1; gpt-5-instant,conversations.json: gizmo_id=g-693363bb8fa481918b47450ed29e3b15; títulos=Copy para Navidad | Citas para Rodeo Saltillo | Imágenes rodeo navideñas | Trends navideños rodeos | Buscar publicaciones navideñas; modelo=gpt-5-1-thinking; gpt-5-1; gpt-5-instant,,24,0,0,No disponible en archivo,0,No disponible en archivo,"En este export, los mensajes con role=system existen pero su `content.parts` viene vacío; no hay texto de system prompt del GPT."
g-691e4168e4ac81918065530db19f1f7c,No disponible en archivo,No disponible en archivo,Evidencia de uso: Funciones y modos de uso | Cierre capítulo antecedentes | Análisis y pulido académico | Sugerencia de antecedentes | Cómo usarme eficazmente...,Ausente,investigación,análisis,asistente,profesionales,bajo,1.77,2.6,3,3.2,4.28,1.2,2.8,2.56,6,2025-11-20T04:13:37.687950+00:00,gpt-5-1-thinking,conversations.json: gizmo_id=g-691e4168e4ac81918065530db19f1f7c; títulos=Funciones y modos de uso | Cierre capítulo antecedentes | Análisis y pulido académico | Sugerencia de antecedentes | Cómo usarme eficazmente; modelo=gpt-5-1-thinking,,24,0,0,No disponible en archivo,0,No disponible en archivo,"En este export, los mensajes con role=system existen pero su `content.parts` viene vacío; no hay texto de system prompt del GPT."
g-68f0f6bd4a248191a704e311892cb81f,No disponible en archivo,No disponible en archivo,Evidencia de uso: Heating & AC Content | Compare content versions | SEO content analysis | SEO content ideas | Estrategia SEO local...,Ausente,"marketing, entretenimiento, negocios","creatividad, planificación",copiloto,profesionales,bajo,1.77,2.6,3,3.2,3.98,1.2,2.8,2.53,6,2025-11-02T21:21:53.081658+00:00,gpt-5,conversations.json: gizmo_id=g-68f0f6bd4a248191a704e311892cb81f; títulos=Heating & AC Content | Compare content versions | SEO content analysis | SEO content ideas | Estrategia SEO local; modelo=gpt-5,,46,0,0,No disponible en archivo,0,No disponible en archivo,"En este export, los mensajes con role=system existen pero su `content.parts` viene vacío; no hay texto de system prompt del GPT."
g-69556bc417188191803522c8bbebfaa8,No disponible en archivo,No disponible en archivo,Evidencia de uso: Análisis y comparación librería | Ideas creativas rodeo Año Nuevo | Propuesta OutCopy Video | Análisis y evaluación catálogo | Inversión en Real Estate...,Ausente,"investigación, marketing, finanzas","análisis, escritura, creatividad",asistente,profesionales,bajo,1.77,4.2,4.2,3.6,5,4.4,4.6,3.671,6,2026-01-02T19:11:16.970878+00:00,gpt-5-2-thinking,conversations.json: gizmo_id=g-69556bc417188191803522c8bbebfaa8; títulos=Análisis y comparación librería | Ideas creativas rodeo Año Nuevo | Propuesta OutCopy Video | Análisis y evaluación catálogo | Inversión en Real Estate; modelo=gpt-5-2-thinking,,24,0,0,No disponible en archivo,0,No disponible en archivo,"En este export, los mensajes con role=system existen pero su `content.parts` viene vacío; no hay texto de system prompt del GPT."
g-68f34643c06c8191ad94a70d0af082df,No disponible en archivo,No disponible en archivo,Evidencia de uso: Tiqué en filosofía y mitología | Automatizar procesos con IA | Planificación de tarea cognitiva | Mejores formas de fuerza | Esquema artículo TDAH...,Ausente,"educación, investigación","agente/automatización, planificación",agente,estudiantes,bajo,1.67,1.6,1.8,1.8,3.92,1.2,2.8,1.979,5,2025-10-29T06:23:12.964264+00:00,gpt-5-thinking; gpt-5,conversations.json: gizmo_id=g-68f34643c06c8191ad94a70d0af082df; títulos=Tiqué en filosofía y mitología | Automatizar procesos con IA | Planificación de tarea cognitiva | Mejores formas de fuerza | Esquema artículo TDAH; modelo=gpt-5-thinking; gpt-5,,14,0,0,No disponible en archivo,0,No disponible en archivo,"En este export, los mensajes con role=system existen pero su `content.parts` viene vacío; no hay texto de system prompt del GPT."
g-6906850e9dc481918ecda45348be5ff5,No disponible en archivo,No disponible en archivo,Evidencia de uso: Estrategia colaboración tareas | Estrategia para entrevista SEO | GPTs para optimización de artículos | Hilo · Estrategia colaboración tareas | Recuperar conver...,Ausente,"negocios, educación, marketing",planificación,copiloto,estudiantes,bajo,1.67,2.6,3,3.2,4,1.2,2.8,2.508,5,2025-11-03T02:32:03.951457+00:00,gpt-5-thinking; gpt-5,conversations.json: gizmo_id=g-6906850e9dc481918ecda45348be5ff5; títulos=Estrategia colaboración tareas | Estrategia para entrevista SEO | GPTs para optimización de artículos | Hilo · Estrategia colaboración tareas | Recuperar conversación anterior; modelo=gpt-5-thinking; gpt-5,,32,0,0,No disponible en archivo,0,No disponible en archivo,"En este export, los mensajes con role=system existen pero su `content.parts` viene vacío; no hay texto de system prompt del GPT."
g-p-691db94221f48191bed67eba028e56ae,No disponible en archivo,No disponible en archivo,Evidencia de uso: CV adaptado copywriting | Escritura creativa y SEO | Perfil profesional copywriter | Job scan summary | CV sections for SEO...,Ausente,marketing,"escritura, generación",asistente,profesionales,bajo,1.67,2.6,3,3.2,4.28,1.2,2.8,2.536,5,2025-11-20T22:00:11.973566+00:00,gpt-5-1-thinking,conversations.json: gizmo_id=g-p-691db94221f48191bed67eba028e56ae; títulos=CV adaptado copywriting | Escritura creativa y SEO | Perfil profesional copywriter | Job scan summary | CV sections for SEO; modelo=gpt-5-1-thinking,,38,0,0,No disponible en archivo,0,No disponible en archivo,"En este export, los mensajes con role=system existen pero su `content.parts` viene vacío; no hay texto de system prompt del GPT."
g-6944d6f7189c8191ad1555cdd3eeb6c4,No disponible en archivo,No disponible en archivo,Evidencia de uso: Analizar y mejorar documento | Audit SEO GEO AEO | Auditoría y estrategia web | Auditoría estrategia plan...,Ausente,"marketing, negocios",planificación,copiloto,profesionales,bajo,1.56,3.6,3.4,3.2,4.83,2.2,4,3.043,4,2025-12-23T19:46:05.105445+00:00,gpt-5-2-thinking,conversations.json: gizmo_id=g-6944d6f7189c8191ad1555cdd3eeb6c4; títulos=Analizar y mejorar documento | Audit SEO GEO AEO | Auditoría y estrategia web | Auditoría estrategia plan; modelo=gpt-5-2-thinking,,32,0,0,No disponible en archivo,0,No disponible en archivo,"En este export, los mensajes con role=system existen pero su `content.parts` viene vacío; no hay texto de system prompt del GPT."
g-68f0953bf4fc8191ab763b1d239abcfd,No disponible en archivo,No disponible en archivo,Evidencia de uso: Análisis de la sombra | Neurodivergencia y soledad | Sostener la dignidad | Análisis de vínculo emocional...,Ausente,investigación,análisis,asistente,profesionales,bajo,1.56,1.6,1.8,1.8,3.75,1.2,2.8,1.935,4,2025-10-19T16:54:13.405777+00:00,gpt-5,conversations.json: gizmo_id=g-68f0953bf4fc8191ab763b1d239abcfd; títulos=Análisis de la sombra | Neurodivergencia y soledad | Sostener la dignidad | Análisis de vínculo emocional; modelo=gpt-5,,14,0,0,No disponible en archivo,0,No disponible en archivo,"En este export, los mensajes con role=system existen pero su `content.parts` viene vacío; no hay texto de system prompt del GPT."
g-690927c907688191b3aee913b101dc9d,No disponible en archivo,No disponible en archivo,Evidencia de uso: Aplicación de enlaces internos | New chat | Aplicación de internos | Archivos con enlaces...,Ausente,otros,generación,asistente,general,bajo,1.56,2.6,3,3.2,4.02,1.2,2.8,2.482,4,2025-11-04T19:00:12.844368+00:00,gpt-5-thinking,conversations.json: gizmo_id=g-690927c907688191b3aee913b101dc9d; títulos=Aplicación de enlaces internos | New chat | Aplicación de internos | Archivos con enlaces; modelo=gpt-5-thinking,,12,0,0,No disponible en archivo,0,No disponible en archivo,"En este export, los mensajes con role=system existen pero su `content.parts` viene vacío; no hay texto de system prompt del GPT."
g-6909279ae5188191a4b4c2ac2464a1e7,No disponible en archivo,No disponible en archivo,Evidencia de uso: SEO article edit | Foundation for acne prone skin | Best foundations for acne...,Ausente,marketing,generación,asistente,profesionales,bajo,1.56,2.6,3,3.2,4.02,1.2,2.8,2.482,4,2025-11-04T18:39:07.574086+00:00,gpt-5-thinking; gpt-5,conversations.json: gizmo_id=g-6909279ae5188191a4b4c2ac2464a1e7; títulos=SEO article edit | Foundation for acne prone skin | Best foundations for acne; modelo=gpt-5-thinking; gpt-5,,17,0,0,No disponible en archivo,0,No disponible en archivo,"En este export, los mensajes con role=system existen pero su `content.parts` viene vacío; no hay texto de system prompt del GPT."
g-68f57f117d60819195fe44aff2b4651d,No disponible en archivo,No disponible en archivo,Evidencia de uso: Hilo · Auditoría SEO sitio web | Auditoría SEO sitio web | New chat...,Ausente,marketing,generación,asistente,profesionales,bajo,1.56,2.6,3,3.2,4.17,1.2,2.8,2.497,4,2025-11-13T16:55:07.769935+00:00,gpt-5,conversations.json: gizmo_id=g-68f57f117d60819195fe44aff2b4651d; títulos=Hilo · Auditoría SEO sitio web | Auditoría SEO sitio web | New chat; modelo=gpt-5,,110,0,0,No disponible en archivo,0,No disponible en archivo,"En este export, los mensajes con role=system existen pero su `content.parts` viene vacío; no hay texto de system prompt del GPT."
g-6953d165ba908191bbc2906cb669f96a,No disponible en archivo,No disponible en archivo,Evidencia de uso: Automatización workflow diario | Proceso de copy para emails | Sistema de trabajo 5 clientes | Sistema de trabajo cliente...,Ausente,marketing,"agente/automatización, planificación, escritura",agente,profesionales,bajo,1.56,2.6,3,3.2,4.97,1.2,2.8,2.577,4,2025-12-31T05:22:31.086613+00:00,gpt-5-2-thinking,conversations.json: gizmo_id=g-6953d165ba908191bbc2906cb669f96a; títulos=Automatización workflow diario | Proceso de copy para emails | Sistema de trabajo 5 clientes | Sistema de trabajo cliente; modelo=gpt-5-2-thinking,,16,0,0,No disponible en archivo,0,No disponible en archivo,"En este export, los mensajes con role=system existen pero su `content.parts` viene vacío; no hay texto de system prompt del GPT."
g-p-69335c85208481919905015a09fa46a3,No disponible en archivo,No disponible en archivo,Evidencia de uso: Prompt para contenido IG | Estrategia IG Festival | Buscar referencias externas | Reels y fotos rodeo...,Ausente,negocios,"consulta/búsqueda, planificación",copiloto,profesionales,bajo,1.56,2.6,3,3.2,4.85,1.2,2.8,2.565,4,2025-12-24T00:08:20.520404+00:00,gpt-5-2-thinking; gpt-5-1-thinking,conversations.json: gizmo_id=g-p-69335c85208481919905015a09fa46a3; títulos=Prompt para contenido IG | Estrategia IG Festival | Buscar referencias externas | Reels y fotos rodeo; modelo=gpt-5-2-thinking; gpt-5-1-thinking,,23,0,0,No disponible en archivo,0,No disponible en archivo,"En este export, los mensajes con role=system existen pero su `content.parts` viene vacío; no hay texto de system prompt del GPT."
g-p-6945d29fd8808191bd9a2d38804b5710,No disponible en archivo,No disponible en archivo,Evidencia de uso: Set de Stories ES-MX | Generación de copy IG | Captions para Finanz Butik | Actualización de COPY Finanz Butik...,Ausente,marketing,"escritura, generación",asistente,profesionales,bajo,1.56,3.2,3.8,3.6,4.97,3.4,3.4,3.137,4,2025-12-31T20:12:41.862525+00:00,gpt-5-2-thinking,conversations.json: gizmo_id=g-p-6945d29fd8808191bd9a2d38804b5710; títulos=Set de Stories ES-MX | Generación de copy IG | Captions para Finanz Butik | Actualización de COPY Finanz Butik; modelo=gpt-5-2-thinking,,73,0,0,No disponible en archivo,0,No disponible en archivo,"En este export, los mensajes con role=system existen pero su `content.parts` viene vacío; no hay texto de system prompt del GPT."
g-690d135bc7b08191ae1471be4e0f1924,No disponible en archivo,No disponible en archivo,Evidencia de uso: Qué puedo hacer por ti | Estrategia para mejorar CTR | Instrucciones de uso | Estrategia para resolver problema...,Ausente,negocios,planificación,copiloto,profesionales,bajo,1.56,2.6,3,3.2,4.07,1.2,2.8,2.487,4,2025-11-07T07:41:45.449427+00:00,gpt-5-thinking,conversations.json: gizmo_id=g-690d135bc7b08191ae1471be4e0f1924; títulos=Qué puedo hacer por ti | Estrategia para mejorar CTR | Instrucciones de uso | Estrategia para resolver problema; modelo=gpt-5-thinking,,15,0,0,No disponible en archivo,0,No disponible en archivo,"En este export, los mensajes con role=system existen pero su `content.parts` viene vacío; no hay texto de system prompt del GPT."
g-6906c8ed078081918f24ebb16308bd3f,No disponible en archivo,No disponible en archivo,Evidencia de uso: Auditoría Loreal Tracker | Generación de prompts GPT | Optimización de Brief JD | Cómo usarme...,Ausente,otros,generación,asistente,general,bajo,1.56,3.2,3.8,3.6,4,3.4,3.4,3.04,4,2025-11-03T03:11:32.216913+00:00,gpt-5-thinking,conversations.json: gizmo_id=g-6906c8ed078081918f24ebb16308bd3f; títulos=Auditoría Loreal Tracker | Generación de prompts GPT | Optimización de Brief JD | Cómo usarme; modelo=gpt-5-thinking,,15,0,0,No disponible en archivo,0,No disponible en archivo,"En este export, los mensajes con role=system existen pero su `content.parts` viene vacío; no hay texto de system prompt del GPT."
g-p-691f5f5eaf9081918b7f0c877c37a9ae,No disponible en archivo,No disponible en archivo,Evidencia de uso: Job search assistance overview | Diagnóstico CV Copywriter | CV Copywriter Adaptación | CV creativo y storytelling...,Ausente,marketing,"escritura, creatividad, análisis",asistente,profesionales,bajo,1.56,2.6,3,3.2,4.33,1.2,2.8,2.513,4,2025-11-23T08:42:08.363338+00:00,gpt-5-1-thinking,conversations.json: gizmo_id=g-p-691f5f5eaf9081918b7f0c877c37a9ae; títulos=Job search assistance overview | Diagnóstico CV Copywriter | CV Copywriter Adaptación | CV creativo y storytelling; modelo=gpt-5-1-thinking,,36,0,0,No disponible en archivo,0,No disponible en archivo,"En este export, los mensajes con role=system existen pero su `content.parts` viene vacío; no hay texto de system prompt del GPT."
g-690523ffa44c81919ed6d0e1708c93fc,No disponible en archivo,No disponible en archivo,Evidencia de uso: Revisión de copy inmobiliario | Email rewrite request | Correo para Amanda | Instrucciones StyleSmith...,Ausente,marketing,"escritura, análisis",asistente,profesionales,bajo,1.56,1.6,1.8,1.8,4.65,1.2,2.8,2.025,4,2025-12-12T20:19:58.029574+00:00,gpt-5; gpt-5-2-thinking; gpt-5-thinking,conversations.json: gizmo_id=g-690523ffa44c81919ed6d0e1708c93fc; títulos=Revisión de copy inmobiliario | Email rewrite request | Correo para Amanda | Instrucciones StyleSmith; modelo=gpt-5; gpt-5-2-thinking; gpt-5-thinking,,16,0,0,No disponible en archivo,0,No disponible en archivo,"En este export, los mensajes con role=system existen pero su `content.parts` viene vacío; no hay texto de system prompt del GPT."
g-6903dd72e88c8191b0f943f55258704c,No disponible en archivo,No disponible en archivo,Evidencia de uso: Simulación entrevista SEO | Simulación entrevista Copywriting | Preparación entrevista técnica...,Ausente,marketing,escritura,asistente,profesionales,bajo,1.56,1.6,1.8,1.8,3.95,1.2,2.8,1.955,4,2025-10-31T01:41:09.856507+00:00,gpt-5; gpt-5-thinking,conversations.json: gizmo_id=g-6903dd72e88c8191b0f943f55258704c; títulos=Simulación entrevista SEO | Simulación entrevista Copywriting | Preparación entrevista técnica; modelo=gpt-5; gpt-5-thinking,,9,0,0,No disponible en archivo,0,No disponible en archivo,"En este export, los mensajes con role=system existen pero su `content.parts` viene vacío; no hay texto de system prompt del GPT."
g-6906e586a3708191be5905339934af17,No disponible en archivo,No disponible en archivo,Evidencia de uso: Posición inicial backgammon | Movimiento con tiro doble | Efectos de sacar 2-6 | Tirada repetida backgammon...,Ausente,otros,generación,asistente,general,bajo,1.56,1.6,1.8,1.8,3.98,1.2,2.8,1.958,4,2025-11-02T05:25:33.875151+00:00,gpt-4o; gpt-5,conversations.json: gizmo_id=g-6906e586a3708191be5905339934af17; títulos=Posición inicial backgammon | Movimiento con tiro doble | Efectos de sacar 2-6 | Tirada repetida backgammon; modelo=gpt-4o; gpt-5,,8,0,0,No disponible en archivo,0,No disponible en archivo,"En este export, los mensajes con role=system existen pero su `content.parts` viene vacío; no hay texto de system prompt del GPT."
g-68f061c646a88191bd5c564ba13b435f,No disponible en archivo,No disponible en archivo,Evidencia de uso: SEO content strategy | SEO-optimized content creation | SEO content ideas | Location Group page creation...,Ausente,"marketing, entretenimiento","generación, creatividad",asistente,profesionales,bajo,1.56,2.6,3,3.2,3.98,1.2,2.8,2.478,4,2025-11-02T21:20:05.204811+00:00,gpt-5,conversations.json: gizmo_id=g-68f061c646a88191bd5c564ba13b435f; títulos=SEO content strategy | SEO-optimized content creation | SEO content ideas | Location Group page creation; modelo=gpt-5,,41,0,0,No disponible en archivo,0,No disponible en archivo,"En este export, los mensajes con role=system existen pero su `content.parts` viene vacío; no hay texto de system prompt del GPT."
g-5XtVuRE8Y,No disponible en archivo,No disponible en archivo,Evidencia de uso: Análisis sistémico y psicológico | Mejorar prompt de análisis | Improve prompt request...,Ausente,investigación,análisis,asistente,profesionales,bajo,1.42,1.6,1.8,1.8,3.52,1.2,2.8,1.878,3,2025-10-05T03:38:18.152416+00:00,gpt-4o; gpt-5-thinking,conversations.json: gizmo_id=g-5XtVuRE8Y; títulos=Análisis sistémico y psicológico | Mejorar prompt de análisis | Improve prompt request; modelo=gpt-4o; gpt-5-thinking,,7,0,0,No disponible en archivo,0,No disponible en archivo,"En este export, los mensajes con role=system existen pero su `content.parts` viene vacío; no hay texto de system prompt del GPT."
g-68f12a3feb188191b7b927210836169e,No disponible en archivo,No disponible en archivo,Evidencia de uso: Automatización de vacantes | Sistema de tareas automatizado | Trabajo remoto SEO marketing...,Ausente,"marketing, educación",agente/automatización,agente,estudiantes,bajo,1.42,2.6,3,3.2,3.93,1.2,2.8,2.439,3,2025-10-30T20:15:43.763920+00:00,gpt-5,conversations.json: gizmo_id=g-68f12a3feb188191b7b927210836169e; títulos=Automatización de vacantes | Sistema de tareas automatizado | Trabajo remoto SEO marketing; modelo=gpt-5,,121,0,0,No disponible en archivo,0,No disponible en archivo,"En este export, los mensajes con role=system existen pero su `content.parts` viene vacío; no hay texto de system prompt del GPT."
g-6907e86687dc8191ad3c98cc62be82f6,No disponible en archivo,No disponible en archivo,Evidencia de uso: Paquete STAR Story Crafter | Generar guion iCowhide | Guion STAR con métricas...,Ausente,diseño,"escritura, creatividad, generación",asistente,profesionales,bajo,1.42,2.6,3,3.2,4,1.2,2.8,2.446,3,2025-11-03T18:59:59.425885+00:00,gpt-5-thinking; gpt-5,conversations.json: gizmo_id=g-6907e86687dc8191ad3c98cc62be82f6; títulos=Paquete STAR Story Crafter | Generar guion iCowhide | Guion STAR con métricas; modelo=gpt-5-thinking; gpt-5,,19,0,0,No disponible en archivo,0,No disponible en archivo,"En este export, los mensajes con role=system existen pero su `content.parts` viene vacío; no hay texto de system prompt del GPT."
g-68f5304319a8819187c4f9461513b541,No disponible en archivo,No disponible en archivo,Evidencia de uso: Configuración flujo empleo | How to use assistant | Configuración flujo búsqueda empleo...,Ausente,otros,generación,asistente,general,bajo,1.42,2.6,3,3.2,3.8,1.2,2.8,2.426,3,2025-10-22T22:50:21.184885+00:00,gpt-5; gpt-5-thinking,conversations.json: gizmo_id=g-68f5304319a8819187c4f9461513b541; títulos=Configuración flujo empleo | How to use assistant | Configuración flujo búsqueda empleo; modelo=gpt-5; gpt-5-thinking,,72,0,0,No disponible en archivo,0,No disponible en archivo,"En este export, los mensajes con role=system existen pero su `content.parts` viene vacío; no hay texto de system prompt del GPT."
g-69092772e4188191bbd4c7ea54b2a33b,No disponible en archivo,No disponible en archivo,Evidencia de uso: Verify URLs and payload | New chat | Verify and build payload...,Ausente,diseño,generación,asistente,profesionales,bajo,1.42,1.6,1.8,1.8,4.02,1.2,2.8,1.928,3,2025-11-04T06:28:08.863103+00:00,gpt-5-thinking,conversations.json: gizmo_id=g-69092772e4188191bbd4c7ea54b2a33b; títulos=Verify URLs and payload | New chat | Verify and build payload; modelo=gpt-5-thinking,,9,0,0,No disponible en archivo,0,No disponible en archivo,"En este export, los mensajes con role=system existen pero su `content.parts` viene vacío; no hay texto de system prompt del GPT."
g-p-69391e85df7c8191a229277f7d8ff870,No disponible en archivo,No disponible en archivo,Evidencia de uso: Ayuda con copies presentación | Análisis y comparación estratégica | Replantear estrategia inmobiliaria...,Ausente,"investigación, diseño, soporte","análisis, planificación",copiloto,profesionales,bajo,1.42,2.6,3,3.2,4.63,1.2,2.8,2.509,3,2025-12-11T22:06:05.102058+00:00,gpt-5-1-thinking; research,conversations.json: gizmo_id=g-p-69391e85df7c8191a229277f7d8ff870; títulos=Ayuda con copies presentación | Análisis y comparación estratégica | Replantear estrategia inmobiliaria; modelo=gpt-5-1-thinking; research,,22,0,0,No disponible en archivo,0,No disponible en archivo,"En este export, los mensajes con role=system existen pero su `content.parts` viene vacío; no hay texto de system prompt del GPT."
g-691246d475688191b21a43415daa57df,No disponible en archivo,No disponible en archivo,Evidencia de uso: Documento pre-contratación integrador | Fusion report and proposal | Fusion report proposal...,Ausente,otros,generación,asistente,general,bajo,1.42,1.6,1.8,1.8,4.38,1.2,2.8,1.964,3,2025-11-26T22:20:32.624369+00:00,gpt-5-thinking; gpt-5-1-thinking,conversations.json: gizmo_id=g-691246d475688191b21a43415daa57df; títulos=Documento pre-contratación integrador | Fusion report and proposal | Fusion report proposal; modelo=gpt-5-thinking; gpt-5-1-thinking,,11,0,0,No disponible en archivo,0,No disponible en archivo,"En este export, los mensajes con role=system existen pero su `content.parts` viene vacío; no hay texto de system prompt del GPT."
g-p-694b10fb9f588191afd2bb1f40ebea00,No disponible en archivo,No disponible en archivo,Evidencia de uso: Búsqueda de referencias rodeo | Estrategia de contenido Rodeo | Rellenar contexto evento...,Ausente,negocios,"consulta/búsqueda, planificación",copiloto,profesionales,bajo,1.42,3.2,3.8,3.6,4.83,3.4,3.4,3.089,3,2025-12-23T23:01:57.387944+00:00,gpt-5-2-thinking,conversations.json: gizmo_id=g-p-694b10fb9f588191afd2bb1f40ebea00; títulos=Búsqueda de referencias rodeo | Estrategia de contenido Rodeo | Rellenar contexto evento; modelo=gpt-5-2-thinking,,14,0,0,No disponible en archivo,0,No disponible en archivo,"En este export, los mensajes con role=system existen pero su `content.parts` viene vacío; no hay texto de system prompt del GPT."
g-p-6889d4b969708191823a19b2b9aa599b,No disponible en archivo,No disponible en archivo,Evidencia de uso: Curso IA Domestika | Preparación entrevista SEO | Análisis de dinámica emocional...,Ausente,"educación, marketing, investigación","tutoría, análisis",asistente,estudiantes,bajo,1.42,2.6,3,3.2,3.42,1.2,2.8,2.388,3,2025-09-29T01:56:05.147930+00:00,gpt-5-thinking,conversations.json: gizmo_id=g-p-6889d4b969708191823a19b2b9aa599b; títulos=Curso IA Domestika | Preparación entrevista SEO | Análisis de dinámica emocional; modelo=gpt-5-thinking,,27,0,0,No disponible en archivo,0,No disponible en archivo,"En este export, los mensajes con role=system existen pero su `content.parts` viene vacío; no hay texto de system prompt del GPT."
g-xATTlMYsV,No disponible en archivo,No disponible en archivo,Evidencia de uso: Análisis de conversación | Interaction analysis report | Análisis conversación pareja...,Ausente,investigación,análisis,asistente,profesionales,bajo,1.42,1.6,1.8,1.8,2.87,1.2,2.8,1.813,3,2025-08-27T12:44:13.392178+00:00,gpt-5-thinking; gpt-4o,conversations.json: gizmo_id=g-xATTlMYsV; títulos=Análisis de conversación | Interaction analysis report | Análisis conversación pareja; modelo=gpt-5-thinking; gpt-4o,,8,0,0,No disponible en archivo,0,No disponible en archivo,"En este export, los mensajes con role=system existen pero su `content.parts` viene vacío; no hay texto de system prompt del GPT."
g-2azCVmXdy,No disponible en archivo,No disponible en archivo,Evidencia de uso: SEO re-optimization strategy | Humanizar mensaje de LinkedIn | Professional background summary...,Ausente,marketing,escritura,asistente,profesionales,bajo,1.42,1.6,1.8,1.8,3.37,1.2,2.8,1.863,3,2025-09-26T01:07:42.858634+00:00,gpt-5; gpt-4o,conversations.json: gizmo_id=g-2azCVmXdy; títulos=SEO re-optimization strategy | Humanizar mensaje de LinkedIn | Professional background summary; modelo=gpt-5; gpt-4o,,6,0,0,No disponible en archivo,0,No disponible en archivo,"En este export, los mensajes con role=system existen pero su `content.parts` viene vacío; no hay texto de system prompt del GPT."
g-690fecbd1eec81918fe7854a3f1242ba,No disponible en archivo,No disponible en archivo,Evidencia de uso: Fusion report and proposal | Fusion report proposal | SEO para HVAC Wheaton...,Ausente,marketing,generación,asistente,profesionales,bajo,1.42,2.6,3,3.2,4.12,1.2,2.8,2.458,3,2025-11-10T20:56:15.232342+00:00,gpt-5-thinking,conversations.json: gizmo_id=g-690fecbd1eec81918fe7854a3f1242ba; títulos=Fusion report and proposal | Fusion report proposal | SEO para HVAC Wheaton; modelo=gpt-5-thinking,,44,0,0,No disponible en archivo,0,No disponible en archivo,"En este export, los mensajes con role=system existen pero su `content.parts` viene vacío; no hay texto de system prompt del GPT."
g-6907d99554a88191b0a62176b0c832b8,No disponible en archivo,No disponible en archivo,Evidencia de uso: Estratega de contenido SEO | Resumen challenge SEO...,Ausente,"marketing, educación",generación,asistente,estudiantes,bajo,1.42,2.6,3,3.2,3.98,1.2,2.8,2.444,3,2025-11-02T23:20:25.753895+00:00,gpt-5; gpt-5-thinking,conversations.json: gizmo_id=g-6907d99554a88191b0a62176b0c832b8; títulos=Estratega de contenido SEO | Resumen challenge SEO; modelo=gpt-5; gpt-5-thinking,,15,0,0,No disponible en archivo,0,No disponible en archivo,"En este export, los mensajes con role=system existen pero su `content.parts` viene vacío; no hay texto de system prompt del GPT."
g-693c46ca62a08191a4824ea63e4a8e12,No disponible en archivo,No disponible en archivo,Evidencia de uso: Evaluación de sistema Lex | Evaluación de cambios de instrucciones | Evaluación de claridad y alcance...,Ausente,otros,generación,asistente,general,bajo,1.42,3.6,3.4,3.2,4.67,2.2,4,2.993,3,2025-12-13T20:52:54.742420+00:00,gpt-5-2-thinking; gpt-5-1-thinking,conversations.json: gizmo_id=g-693c46ca62a08191a4824ea63e4a8e12; títulos=Evaluación de sistema Lex | Evaluación de cambios de instrucciones | Evaluación de claridad y alcance; modelo=gpt-5-2-thinking; gpt-5-1-thinking,,28,0,0,No disponible en archivo,0,No disponible en archivo,"En este export, los mensajes con role=system existen pero su `content.parts` viene vacío; no hay texto de system prompt del GPT."
g-693dd6a35fc081919f0743885c1f5a68,No disponible en archivo,No disponible en archivo,Evidencia de uso: Modos argumentativos disponibles | Excel finanzas compartidas | Mejorar prompt Excel finanzas...,Ausente,finanzas,generación,asistente,profesionales,medio,1.42,2.6,3,3.2,4.7,1.2,1.9,2.426,3,2025-12-15T15:11:55.121674+00:00,gpt-5-2-thinking,conversations.json: gizmo_id=g-693dd6a35fc081919f0743885c1f5a68; títulos=Modos argumentativos disponibles | Excel finanzas compartidas | Mejorar prompt Excel finanzas; modelo=gpt-5-2-thinking,Tema sensible (YMYL) sin disclaimers detectables en el archivo,19,0,0,No disponible en archivo,0,No disponible en archivo,"En este export, los mensajes con role=system existen pero su `content.parts` viene vacío; no hay texto de system prompt del GPT."
g-6915054cbe2c8191844b4c18b3b00695,No disponible en archivo,No disponible en archivo,Evidencia de uso: Document visibility issue | Fusion report and proposal | Fusion SEO report...,Ausente,marketing,generación,asistente,profesionales,bajo,1.42,2.6,3,3.2,4.18,1.2,2.8,2.464,3,2025-11-14T05:25:25.316780+00:00,gpt-5-1-thinking,conversations.json: gizmo_id=g-6915054cbe2c8191844b4c18b3b00695; títulos=Document visibility issue | Fusion report and proposal | Fusion SEO report; modelo=gpt-5-1-thinking,,14,0,0,No disponible en archivo,0,No disponible en archivo,"En este export, los mensajes con role=system existen pero su `content.parts` viene vacío; no hay texto de system prompt del GPT."
g-MPzLx3VuB,No disponible en archivo,No disponible en archivo,Evidencia de uso: Optimize resume content | Optimize CV assistance | Resume creation help...,Ausente,otros,"escritura, generación",asistente,general,bajo,1.42,2.6,3,3.2,2.93,1.2,2.8,2.339,3,2025-08-31T21:48:28.367632+00:00,gpt-4o; gpt-5-thinking,conversations.json: gizmo_id=g-MPzLx3VuB; títulos=Optimize resume content | Optimize CV assistance | Resume creation help; modelo=gpt-4o; gpt-5-thinking,,7,0,0,No disponible en archivo,0,No disponible en archivo,"En este export, los mensajes con role=system existen pero su `content.parts` viene vacío; no hay texto de system prompt del GPT."
g-693fcec1ffb08191ab51ab9c689c49e6,No disponible en archivo,No disponible en archivo,Evidencia de uso: Conys para propósitos 2026 | Mejorar copy IG | Mejora de copy IG...,Ausente,marketing,escritura,asistente,profesionales,bajo,1.42,2.6,3,3.2,4.73,1.2,2.8,2.519,3,2025-12-17T23:13:09.306611+00:00,gpt-5-2-thinking,conversations.json: gizmo_id=g-693fcec1ffb08191ab51ab9c689c49e6; títulos=Conys para propósitos 2026 | Mejorar copy IG | Mejora de copy IG; modelo=gpt-5-2-thinking,,10,0,0,No disponible en archivo,0,No disponible en archivo,"En este export, los mensajes con role=system existen pero su `content.parts` viene vacío; no hay texto de system prompt del GPT."
g-d13u2CAq6,No disponible en archivo,No disponible en archivo,Evidencia de uso: Análisis de conversación emocional | Análisis conversacional psicodinámico | Análisis conversación psicológica...,Ausente,investigación,análisis,asistente,profesionales,bajo,1.42,2.6,3,3.2,2.87,1.2,2.8,2.333,3,2025-08-27T06:51:29.003468+00:00,gpt-5-thinking,conversations.json: gizmo_id=g-d13u2CAq6; títulos=Análisis de conversación emocional | Análisis conversacional psicodinámico | Análisis conversación psicológica; modelo=gpt-5-thinking,,11,0,0,No disponible en archivo,0,No disponible en archivo,"En este export, los mensajes con role=system existen pero su `content.parts` viene vacío; no hay texto de system prompt del GPT."
g-68f34e39ebe48191a5f0a8723dc08f7f,No disponible en archivo,No disponible en archivo,Evidencia de uso: Neurodivergencia y soledad | Qué es la belleza...,Ausente,otros,generación,asistente,general,bajo,1.25,1.6,1.8,1.8,3.73,1.2,2.8,1.855,2,2025-10-18T22:19:11.604331+00:00,gpt-5,conversations.json: gizmo_id=g-68f34e39ebe48191a5f0a8723dc08f7f; títulos=Neurodivergencia y soledad | Qué es la belleza; modelo=gpt-5,,4,0,0,No disponible en archivo,0,No disponible en archivo,"En este export, los mensajes con role=system existen pero su `content.parts` viene vacío; no hay texto de system prompt del GPT."
g-p-680589dd879481918f9377d1a74cc277,No disponible en archivo,No disponible en archivo,Evidencia de uso: Sugerencias para mejorar CV | Oportunidades laborales para químico...,Ausente,otros,escritura,asistente,general,bajo,1.25,1.6,1.8,1.8,1.55,1.2,2.8,1.637,2,2025-06-09T03:26:22.551424+00:00,o3,conversations.json: gizmo_id=g-p-680589dd879481918f9377d1a74cc277; títulos=Sugerencias para mejorar CV | Oportunidades laborales para químico; modelo=o3,,7,0,0,No disponible en archivo,0,No disponible en archivo,"En este export, los mensajes con role=system existen pero su `content.parts` viene vacío; no hay texto de system prompt del GPT."
g-p-6867ad0b83988191a5f998305c6fbc02,No disponible en archivo,No disponible en archivo,Evidencia de uso: Opciones profesionales Nicolás | Ideas profesionales alternativas...,Ausente,entretenimiento,creatividad,asistente,general,bajo,1.25,1.6,1.8,1.8,1.97,1.2,2.8,1.679,2,2025-07-04T11:18:37.885226+00:00,o3,conversations.json: gizmo_id=g-p-6867ad0b83988191a5f998305c6fbc02; títulos=Opciones profesionales Nicolás | Ideas profesionales alternativas; modelo=o3,,6,0,0,No disponible en archivo,0,No disponible en archivo,"En este export, los mensajes con role=system existen pero su `content.parts` viene vacío; no hay texto de system prompt del GPT."
g-p-689fe381cb00819196b236ac2c194294,No disponible en archivo,No disponible en archivo,Evidencia de uso: Creación y laberinto | Análisis y mejora de archivo...,Ausente,investigación,"generación, análisis",asistente,profesionales,bajo,1.25,2.6,3,3.2,2.78,1.2,2.8,2.28,2,2025-08-22T08:13:52.179414+00:00,gpt-5-thinking,conversations.json: gizmo_id=g-p-689fe381cb00819196b236ac2c194294; títulos=Creación y laberinto | Análisis y mejora de archivo; modelo=gpt-5-thinking,,6,0,0,No disponible en archivo,0,No disponible en archivo,"En este export, los mensajes con role=system existen pero su `content.parts` viene vacío; no hay texto de system prompt del GPT."
g-Xy8Nm1Z25,No disponible en archivo,No disponible en archivo,Evidencia de uso: Análisis conversación ambigüedad y honestidad | Análisis de conversación...,Ausente,investigación,análisis,asistente,profesionales,bajo,1.25,2.6,3,3.2,2.87,1.2,2.8,2.289,2,2025-08-27T06:34:43.777713+00:00,gpt-5-thinking; gpt-4o,conversations.json: gizmo_id=g-Xy8Nm1Z25; títulos=Análisis conversación ambigüedad y honestidad | Análisis de conversación; modelo=gpt-5-thinking; gpt-4o,,5,0,0,No disponible en archivo,0,No disponible en archivo,"En este export, los mensajes con role=system existen pero su `content.parts` viene vacío; no hay texto de system prompt del GPT."
g-v9SoCDxCp,No disponible en archivo,No disponible en archivo,Evidencia de uso: Analizar conversación transcrita | Conversation manipulation analysis...,Ausente,otros,generación,asistente,general,bajo,1.25,1.6,1.8,1.8,3.7,1.2,2.8,1.852,2,2025-10-16T09:08:14.197045+00:00,gpt-5-thinking; gpt-4o,conversations.json: gizmo_id=g-v9SoCDxCp; títulos=Analizar conversación transcrita | Conversation manipulation analysis; modelo=gpt-5-thinking; gpt-4o,,7,0,0,No disponible en archivo,0,No disponible en archivo,"En este export, los mensajes con role=system existen pero su `content.parts` viene vacío; no hay texto de system prompt del GPT."
g-68f3489d1280819193067bc64b334201,No disponible en archivo,No disponible en archivo,Evidencia de uso: Profundizar en alquimia | Neurodivergencia y soledad...,Ausente,diseño,generación,asistente,profesionales,bajo,1.25,1.6,1.8,1.8,3.8,1.2,2.8,1.862,2,2025-10-22T08:50:21.653876+00:00,gpt-5,conversations.json: gizmo_id=g-68f3489d1280819193067bc64b334201; títulos=Profundizar en alquimia | Neurodivergencia y soledad; modelo=gpt-5,,5,0,0,No disponible en archivo,0,No disponible en archivo,"En este export, los mensajes con role=system existen pero su `content.parts` viene vacío; no hay texto de system prompt del GPT."
g-68f6862f94488191bd8320bc00280b1a,No disponible en archivo,No disponible en archivo,Evidencia de uso: Optimize CV for job | Optimización de CV en inglés...,Ausente,otros,escritura,asistente,general,bajo,1.25,2.6,3,3.2,3.78,1.2,2.8,2.38,2,2025-10-21T05:10:39.035580+00:00,gpt-5,conversations.json: gizmo_id=g-68f6862f94488191bd8320bc00280b1a; títulos=Optimize CV for job | Optimización de CV en inglés; modelo=gpt-5,,7,0,0,No disponible en archivo,0,No disponible en archivo,"En este export, los mensajes con role=system existen pero su `content.parts` viene vacío; no hay texto de system prompt del GPT."
g-68f6ef1cb4dc8191b8c6cb9a0f4e9c8d,No disponible en archivo,No disponible en archivo,Evidencia de uso: SEO content refinement | Optimize draft for L'Oréal...,Ausente,marketing,generación,asistente,profesionales,bajo,1.25,2.6,3,3.2,3.78,1.2,2.8,2.38,2,2025-10-21T04:06:48.264932+00:00,gpt-5,conversations.json: gizmo_id=g-68f6ef1cb4dc8191b8c6cb9a0f4e9c8d; títulos=SEO content refinement | Optimize draft for L'Oréal; modelo=gpt-5,,6,0,0,No disponible en archivo,0,No disponible en archivo,"En este export, los mensajes con role=system existen pero su `content.parts` viene vacío; no hay texto de system prompt del GPT."
g-CsdwU23wt,No disponible en archivo,No disponible en archivo,Evidencia de uso: Análisis conversación familiar | Análisis conversación emocional...,Ausente,investigación,análisis,asistente,profesionales,bajo,1.25,1.6,1.8,1.8,2.68,1.2,2.8,1.75,2,2025-08-16T02:32:51.269307+00:00,gpt-5-thinking; gpt-4o,conversations.json: gizmo_id=g-CsdwU23wt; títulos=Análisis conversación familiar | Análisis conversación emocional; modelo=gpt-5-thinking; gpt-4o,,5,0,0,No disponible en archivo,0,No disponible en archivo,"En este export, los mensajes con role=system existen pero su `content.parts` viene vacío; no hay texto de system prompt del GPT."
g-68eebf8840c0819180abfc9b05d81802,No disponible en archivo,No disponible en archivo,Evidencia de uso: Resume tailoring LGFS Sales | CV optimization tips...,Ausente,otros,escritura,asistente,general,bajo,1.25,3.2,3.8,3.6,3.77,3.4,3.4,2.939,2,2025-10-20T19:48:43.412485+00:00,gpt-5,conversations.json: gizmo_id=g-68eebf8840c0819180abfc9b05d81802; títulos=Resume tailoring LGFS Sales | CV optimization tips; modelo=gpt-5,,20,0,0,No disponible en archivo,0,No disponible en archivo,"En este export, los mensajes con role=system existen pero su `content.parts` viene vacío; no hay texto de system prompt del GPT."
g-68f0f7793da88191978d1f4f34290643,No disponible en archivo,No disponible en archivo,Evidencia de uso: SEO content ideas | HVAC content ideas...,Ausente,"entretenimiento, marketing",creatividad,asistente,profesionales,bajo,1.25,2.6,3,3.2,3.73,1.2,2.8,2.375,2,2025-10-18T16:21:07.429519+00:00,gpt-5,conversations.json: gizmo_id=g-68f0f7793da88191978d1f4f34290643; títulos=SEO content ideas | HVAC content ideas; modelo=gpt-5,,13,0,0,No disponible en archivo,0,No disponible en archivo,"En este export, los mensajes con role=system existen pero su `content.parts` viene vacío; no hay texto de system prompt del GPT."
g-p-6807d368320c8191913056e7cd6caa09,No disponible en archivo,No disponible en archivo,Evidencia de uso: Rutina Crossfit Escalada | Entrenamiento escalada regreso nivel...,Ausente,"productividad, salud/bienestar",generación,asistente,profesionales,alto,1.25,1.6,1.8,1.8,1,1.2,1,0.841,2,2025-05-07T00:41:28.990665+00:00,o3,conversations.json: gizmo_id=g-p-6807d368320c8191913056e7cd6caa09; títulos=Rutina Crossfit Escalada | Entrenamiento escalada regreso nivel; modelo=o3,No recomendado (riesgo alto sin mitigaciones detectables); Tema sensible (YMYL) sin disclaimers detectables en el archivo,6,0,0,No disponible en archivo,0,No disponible en archivo,"En este export, los mensajes con role=system existen pero su `content.parts` viene vacío; no hay texto de system prompt del GPT."
g-690927859d648191b9897f1298784609,No disponible en archivo,No disponible en archivo,Evidencia de uso: Proceso de creación archivo | Edición de prompt final...,Ausente,otros,generación,asistente,general,bajo,1.25,2.6,3,3.2,4.02,1.2,2.8,2.404,2,2025-11-04T07:33:52.815823+00:00,gpt-5-thinking,conversations.json: gizmo_id=g-690927859d648191b9897f1298784609; títulos=Proceso de creación archivo | Edición de prompt final; modelo=gpt-5-thinking,,8,0,0,No disponible en archivo,0,No disponible en archivo,"En este export, los mensajes con role=system existen pero su `content.parts` viene vacío; no hay texto de system prompt del GPT."
g-690514bec534819181077c25cfcdaa95,No disponible en archivo,No disponible en archivo,Evidencia de uso: Audit findings and fixes | Generar prompt optimización asistente...,Ausente,otros,generación,asistente,general,bajo,1.25,2.6,3,3.2,4,1.2,2.8,2.402,2,2025-11-03T03:13:24.583014+00:00,gpt-5; gpt-5-thinking,conversations.json: gizmo_id=g-690514bec534819181077c25cfcdaa95; títulos=Audit findings and fixes | Generar prompt optimización asistente; modelo=gpt-5; gpt-5-thinking,,7,0,0,No disponible en archivo,0,No disponible en archivo,"En este export, los mensajes con role=system existen pero su `content.parts` viene vacío; no hay texto de system prompt del GPT."
g-p-694973978dbc8191bac4926f0ed1665e,No disponible en archivo,No disponible en archivo,Evidencia de uso: Archivo Screaming Frog | Auditoría y estrategia web...,Ausente,negocios,"generación, planificación",copiloto,profesionales,bajo,1.25,3.6,3.4,3.2,4.85,2.2,4,2.967,2,2025-12-24T17:52:40.947758+00:00,gpt-5-2-thinking,conversations.json: gizmo_id=g-p-694973978dbc8191bac4926f0ed1665e; títulos=Archivo Screaming Frog | Auditoría y estrategia web; modelo=gpt-5-2-thinking,,97,0,0,No disponible en archivo,0,No disponible en archivo,"En este export, los mensajes con role=system existen pero su `content.parts` viene vacío; no hay texto de system prompt del GPT."
g-690927a88d98819184fe2ea4500ac190,No disponible en archivo,No disponible en archivo,Evidencia de uso: Discover BM terms | Descubrir términos BM...,Ausente,legal,generación,asistente,profesionales,alto,1.25,1.6,1.8,1.8,4.02,1.2,1,1.022,2,2025-11-04T18:53:21.682467+00:00,gpt-5-thinking,conversations.json: gizmo_id=g-690927a88d98819184fe2ea4500ac190; títulos=Discover BM terms | Descubrir términos BM; modelo=gpt-5-thinking,No recomendado (riesgo alto sin mitigaciones detectables); Tema sensible (YMYL) sin disclaimers detectables en el archivo,6,0,0,No disponible en archivo,0,No disponible en archivo,"En este export, los mensajes con role=system existen pero su `content.parts` viene vacío; no hay texto de system prompt del GPT."
g-68f0b3dac0e88191aa6e9cd1ed587983,No disponible en archivo,No disponible en archivo,Evidencia de uso: Entrevista SEO análisis | Style editor instructions...,Ausente,"marketing, investigación",análisis,asistente,profesionales,bajo,1.25,2.6,3,3.2,4.02,1.2,2.8,2.404,2,2025-11-04T08:14:54.174016+00:00,gpt-5,conversations.json: gizmo_id=g-68f0b3dac0e88191aa6e9cd1ed587983; títulos=Entrevista SEO análisis | Style editor instructions; modelo=gpt-5,,8,0,0,No disponible en archivo,0,No disponible en archivo,"En este export, los mensajes con role=system existen pero su `content.parts` viene vacío; no hay texto de system prompt del GPT."
g-6908e3f393588191b99650264a1f9b42,No disponible en archivo,No disponible en archivo,Evidencia de uso: Diagrama heurístico solar | Heuristic diagram generation...,Ausente,otros,generación,asistente,general,bajo,1.25,2.6,3,3.2,4.07,1.2,2.8,2.409,2,2025-11-07T06:36:26.438120+00:00,gpt-5-thinking,conversations.json: gizmo_id=g-6908e3f393588191b99650264a1f9b42; títulos=Diagrama heurístico solar | Heuristic diagram generation; modelo=gpt-5-thinking,,6,0,0,No disponible en archivo,0,No disponible en archivo,"En este export, los mensajes con role=system existen pero su `content.parts` viene vacío; no hay texto de system prompt del GPT."
g-6909274be37c8191a3a3b81587813d39,No disponible en archivo,No disponible en archivo,Evidencia de uso: Resumen de salidas creadas | Brief annotation processed...,Ausente,educación,generación,asistente,estudiantes,bajo,1.25,2.6,3,3.2,4.02,1.2,2.8,2.404,2,2025-11-04T06:14:23.538472+00:00,gpt-5-thinking,conversations.json: gizmo_id=g-6909274be37c8191a3a3b81587813d39; títulos=Resumen de salidas creadas | Brief annotation processed; modelo=gpt-5-thinking,,6,0,0,No disponible en archivo,0,No disponible en archivo,"En este export, los mensajes con role=system existen pero su `content.parts` viene vacío; no hay texto de system prompt del GPT."
g-694ba0678d2c81919a19f6a889cfcef9-lex-nexus-os,No disponible en archivo,No disponible en archivo,Evidencia de uso: Mensajes navideños familiares | Instrucciones para usarme...,Ausente,otros,generación,asistente,general,bajo,1.25,2.6,3,3.2,4.87,1.2,2.8,2.489,2,2025-12-25T05:49:50.313872+00:00,gpt-5-2-thinking; gpt-5-2,conversations.json: gizmo_id=g-694ba0678d2c81919a19f6a889cfcef9-lex-nexus-os; títulos=Mensajes navideños familiares | Instrucciones para usarme; modelo=gpt-5-2-thinking; gpt-5-2,,32,0,0,No disponible en archivo,0,No disponible en archivo,"En este export, los mensajes con role=system existen pero su `content.parts` viene vacío; no hay texto de system prompt del GPT."
g-69069e435e708191b1689245411d596a,No disponible en archivo,No disponible en archivo,Evidencia de uso: Optimización artículo L'Oréal | Hilo · Optimización artículo L'Oréal...,Ausente,investigación,generación,asistente,profesionales,bajo,1.25,2.6,3,3.2,4,1.2,2.8,2.402,2,2025-11-03T21:57:57.649535+00:00,gpt-5-thinking; gpt-5,conversations.json: gizmo_id=g-69069e435e708191b1689245411d596a; títulos=Optimización artículo L'Oréal | Hilo · Optimización artículo L'Oréal; modelo=gpt-5-thinking; gpt-5,,36,0,0,No disponible en archivo,0,No disponible en archivo,"En este export, los mensajes con role=system existen pero su `content.parts` viene vacío; no hay texto de system prompt del GPT."
g-6907e3dcd158819188cded5159532810,No disponible en archivo,No disponible en archivo,Evidencia de uso: New product extraction | HVAC Wheaton LGP estrategia...,Ausente,negocios,planificación,copiloto,profesionales,bajo,1.25,2.6,3,3.2,4,1.2,2.8,2.402,2,2025-11-03T02:21:58.501380+00:00,gpt-5; gpt-5-thinking,conversations.json: gizmo_id=g-6907e3dcd158819188cded5159532810; títulos=New product extraction | HVAC Wheaton LGP estrategia; modelo=gpt-5; gpt-5-thinking,,7,0,0,No disponible en archivo,0,No disponible en archivo,"En este export, los mensajes con role=system existen pero su `content.parts` viene vacío; no hay texto de system prompt del GPT."
g-6904e9f65cd881918723e9412d780de8,No disponible en archivo,No disponible en archivo,Evidencia de uso: New L'Oréal Products | New product launch analysis...,Ausente,otros,generación,asistente,general,bajo,1.25,1.6,1.8,1.8,4,1.2,2.8,1.882,2,2025-11-03T01:48:29.548167+00:00,gpt-5-thinking; gpt-5,conversations.json: gizmo_id=g-6904e9f65cd881918723e9412d780de8; títulos=New L'Oréal Products | New product launch analysis; modelo=gpt-5-thinking; gpt-5,,11,0,0,No disponible en archivo,0,No disponible en archivo,"En este export, los mensajes con role=system existen pero su `content.parts` viene vacío; no hay texto de system prompt del GPT."
g-692f4442e53481918dee7419695592b5,No disponible en archivo,No disponible en archivo,Evidencia de uso: Más Gallo Media resumen | Cómo puedo ayudarte...,Ausente,"educación, soporte",generación,asistente,estudiantes,bajo,1.25,1.6,1.8,1.8,4.5,1.2,2.8,1.932,2,2025-12-03T06:54:37.412853+00:00,gpt-5-1-thinking,conversations.json: gizmo_id=g-692f4442e53481918dee7419695592b5; títulos=Más Gallo Media resumen | Cómo puedo ayudarte; modelo=gpt-5-1-thinking,,6,0,0,No disponible en archivo,0,No disponible en archivo,"En este export, los mensajes con role=system existen pero su `content.parts` viene vacío; no hay texto de system prompt del GPT."
g-694ba0678d2c81919a19f6a889cfcef9,No disponible en archivo,No disponible en archivo,Evidencia de uso: Consejos legales generales | Carrusel IG 2025...,Ausente,"legal, marketing","generación, escritura",asistente,profesionales,medio,1.25,4.2,4.2,3.6,4.95,4.4,3.7,3.447,2,2025-12-30T02:10:51.886899+00:00,gpt-5-2-thinking,conversations.json: gizmo_id=g-694ba0678d2c81919a19f6a889cfcef9; títulos=Consejos legales generales | Carrusel IG 2025; modelo=gpt-5-2-thinking,,12,0,0,No disponible en archivo,0,No disponible en archivo,"En este export, los mensajes con role=system existen pero su `content.parts` viene vacío; no hay texto de system prompt del GPT."
g-691d874aeca08191ac47291664fa59b5,No disponible en archivo,No disponible en archivo,Evidencia de uso: CV update and generation | Resume review...,Ausente,otros,"escritura, generación",asistente,general,bajo,1.25,2.6,3,3.2,4.27,1.2,2.8,2.429,2,2025-11-19T15:56:45.828004+00:00,gpt-5-1-thinking,conversations.json: gizmo_id=g-691d874aeca08191ac47291664fa59b5; títulos=CV update and generation | Resume review; modelo=gpt-5-1-thinking,,12,0,0,No disponible en archivo,0,No disponible en archivo,"En este export, los mensajes con role=system existen pero su `content.parts` viene vacío; no hay texto de system prompt del GPT."
g-690e406090508191903c2a09e8208986,No disponible en archivo,No disponible en archivo,Evidencia de uso: Ayuda con automatización...,Ausente,soporte,agente/automatización,agente,general,bajo,1,2.6,3,3.2,4.7,1.2,2.8,2.41,1,2025-12-15T09:32:01.516612+00:00,gpt-5-2-thinking,conversations.json: gizmo_id=g-690e406090508191903c2a09e8208986; títulos=Ayuda con automatización; modelo=gpt-5-2-thinking,,2,0,0,No disponible en archivo,0,No disponible en archivo,"En este export, los mensajes con role=system existen pero su `content.parts` viene vacío; no hay texto de system prompt del GPT."
g-693b3da510ac81918786393362aabe0c,No disponible en archivo,No disponible en archivo,Evidencia de uso: Revisión de copy IG...,Ausente,marketing,"análisis, escritura",asistente,profesionales,bajo,1,2.6,3,3.2,4.65,1.2,2.8,2.405,1,2025-12-12T07:28:11.777637+00:00,gpt-5-1-thinking,conversations.json: gizmo_id=g-693b3da510ac81918786393362aabe0c; títulos=Revisión de copy IG; modelo=gpt-5-1-thinking,,4,0,0,No disponible en archivo,0,No disponible en archivo,"En este export, los mensajes con role=system existen pero su `content.parts` viene vacío; no hay texto de system prompt del GPT."
g-p-68df68d28dd08191ab6cbd3db7333432,No disponible en archivo,No disponible en archivo,Evidencia de uso: Email for GSC access...,Ausente,otros,generación,asistente,general,bajo,1,1.6,1.8,1.8,3.48,1.2,2.8,1.768,1,2025-10-03T20:08:31.439741+00:00,gpt-5-thinking,conversations.json: gizmo_id=g-p-68df68d28dd08191ab6cbd3db7333432; títulos=Email for GSC access; modelo=gpt-5-thinking,,6,0,0,No disponible en archivo,0,No disponible en archivo,"En este export, los mensajes con role=system existen pero su `content.parts` viene vacío; no hay texto de system prompt del GPT."
g-p-692f43a13d748191b6c40c24f4d13272,No disponible en archivo,No disponible en archivo,Evidencia de uso: Riesgos de Más Gallo Media...,Ausente,otros,revisión/auditoría,copiloto,general,bajo,1,1.6,1.8,1.8,4.48,1.2,2.8,1.868,1,2025-12-02T19:59:26.178422+00:00,gpt-5-1-thinking,conversations.json: gizmo_id=g-p-692f43a13d748191b6c40c24f4d13272; títulos=Riesgos de Más Gallo Media; modelo=gpt-5-1-thinking,,5,0,0,No disponible en archivo,0,No disponible en archivo,"En este export, los mensajes con role=system existen pero su `content.parts` viene vacío; no hay texto de system prompt del GPT."
g-693c4713b19c8191831d7582502c03b5,No disponible en archivo,No disponible en archivo,Evidencia de uso: Refinamiento de sistema Lex...,Ausente,otros,generación,asistente,general,bajo,1,3.6,3.4,3.2,4.65,2.2,4,2.885,1,2025-12-12T20:13:39.427215+00:00,gpt-5-2-thinking,conversations.json: gizmo_id=g-693c4713b19c8191831d7582502c03b5; títulos=Refinamiento de sistema Lex; modelo=gpt-5-2-thinking,,4,0,0,No disponible en archivo,0,No disponible en archivo,"En este export, los mensajes con role=system existen pero su `content.parts` viene vacío; no hay texto de system prompt del GPT."
g-6907e77c95448191b7e8664c124c5c61,No disponible en archivo,No disponible en archivo,Evidencia de uso: Validación de patrones...,Ausente,otros,generación,asistente,general,bajo,1,1.6,1.8,1.8,3.98,1.2,2.8,1.818,1,2025-11-02T23:25:50.290507+00:00,gpt-5-thinking,conversations.json: gizmo_id=g-6907e77c95448191b7e8664c124c5c61; títulos=Validación de patrones; modelo=gpt-5-thinking,,3,0,0,No disponible en archivo,0,No disponible en archivo,"En este export, los mensajes con role=system existen pero su `content.parts` viene vacío; no hay texto de system prompt del GPT."
g-694237e198188191a4b9bfd3283ee4df,No disponible en archivo,No disponible en archivo,Evidencia de uso: Plan para dormir tranquilo...,Ausente,diseño,planificación,copiloto,profesionales,bajo,1,1.6,1.8,1.8,4.73,1.2,2.8,1.893,1,2025-12-17T06:32:08.100863+00:00,gpt-5-2-thinking,conversations.json: gizmo_id=g-694237e198188191a4b9bfd3283ee4df; títulos=Plan para dormir tranquilo; modelo=gpt-5-2-thinking,,4,0,0,No disponible en archivo,0,No disponible en archivo,"En este export, los mensajes con role=system existen pero su `content.parts` viene vacío; no hay texto de system prompt del GPT."
g-EGs2bp4NT,No disponible en archivo,No disponible en archivo,Evidencia de uso: Job search assistance...,Ausente,otros,generación,asistente,general,bajo,1,1.6,1.8,1.8,3.55,1.2,2.8,1.775,1,2025-10-07T18:08:24.234580+00:00,gpt-4o,conversations.json: gizmo_id=g-EGs2bp4NT; títulos=Job search assistance; modelo=gpt-4o,,2,0,0,No disponible en archivo,0,No disponible en archivo,"En este export, los mensajes con role=system existen pero su `content.parts` viene vacío; no hay texto de system prompt del GPT."
g-6903ff54fce881919c5ea3fc2ac3476c,No disponible en archivo,No disponible en archivo,Evidencia de uso: Funciones de análisis relacional...,Ausente,investigación,análisis,asistente,profesionales,bajo,1,1.6,1.8,1.8,4.88,1.2,2.8,1.908,1,2025-12-26T02:50:36.280360+00:00,gpt-5-2,conversations.json: gizmo_id=g-6903ff54fce881919c5ea3fc2ac3476c; títulos=Funciones de análisis relacional; modelo=gpt-5-2,,6,0,0,No disponible en archivo,0,No disponible en archivo,"En este export, los mensajes con role=system existen pero su `content.parts` viene vacío; no hay texto de system prompt del GPT."
g-69416deba1f88191bd22aff742c0e67b,No disponible en archivo,No disponible en archivo,Evidencia de uso: Análisis vínculo con hermana...,Ausente,investigación,análisis,asistente,profesionales,bajo,1,1.6,1.8,1.8,4.92,1.2,2.8,1.912,1,2025-12-28T03:44:33.700545+00:00,gpt-5-2-thinking,conversations.json: gizmo_id=g-69416deba1f88191bd22aff742c0e67b; títulos=Análisis vínculo con hermana; modelo=gpt-5-2-thinking,,4,0,0,No disponible en archivo,0,No disponible en archivo,"En este export, los mensajes con role=system existen pero su `content.parts` viene vacío; no hay texto de system prompt del GPT."
g-6954bc5518208191b10ed025247b0a19,No disponible en archivo,No disponible en archivo,Evidencia de uso: Descarga archivo Finanzas...,Ausente,finanzas,generación,asistente,profesionales,medio,1,2.6,3,3.2,4.97,1.2,1.9,2.347,1,2025-12-31T08:28:25.203704+00:00,gpt-5-2-thinking,conversations.json: gizmo_id=g-6954bc5518208191b10ed025247b0a19; títulos=Descarga archivo Finanzas; modelo=gpt-5-2-thinking,Tema sensible (YMYL) sin disclaimers detectables en el archivo,4,0,0,No disponible en archivo,0,No disponible en archivo,"En este export, los mensajes con role=system existen pero su `content.parts` viene vacío; no hay texto de system prompt del GPT."
g-p-685a2da07a4c81919a4cec1adac8e680,No disponible en archivo,No disponible en archivo,Evidencia de uso: Resaltado BB vs CC...,Ausente,otros,generación,asistente,general,bajo,1,1.6,1.8,1.8,1.8,1.2,2.8,1.6,1,2025-06-24T05:00:55.972329+00:00,o3,conversations.json: gizmo_id=g-p-685a2da07a4c81919a4cec1adac8e680; títulos=Resaltado BB vs CC; modelo=o3,,3,0,0,No disponible en archivo,0,No disponible en archivo,"En este export, los mensajes con role=system existen pero su `content.parts` viene vacío; no hay texto de system prompt del GPT."
g-p-6955494b64a88191bb7e05191cc30d01,No disponible en archivo,No disponible en archivo,Evidencia de uso: Huevo orina en casa...,Ausente,otros,generación,asistente,general,bajo,1,1.6,1.8,1.8,4.98,1.2,2.8,1.918,1,2026-01-01T01:02:19.697311+00:00,gpt-5-2-thinking,conversations.json: gizmo_id=g-p-6955494b64a88191bb7e05191cc30d01; títulos=Huevo orina en casa; modelo=gpt-5-2-thinking,,4,0,0,No disponible en archivo,0,No disponible en archivo,"En este export, los mensajes con role=system existen pero su `content.parts` viene vacío; no hay texto de system prompt del GPT."
g-p-6925099b89b88191a101167240a10101,No disponible en archivo,No disponible en archivo,Evidencia de uso: Contrato arrendamiento inmueble...,Ausente,legal,generación,asistente,profesionales,alto,1,2.6,3,3.2,4.38,1.2,1,1.319,1,2025-11-26T08:57:42.149544+00:00,gpt-5-1-thinking,conversations.json: gizmo_id=g-p-6925099b89b88191a101167240a10101; títulos=Contrato arrendamiento inmueble; modelo=gpt-5-1-thinking,No recomendado (riesgo alto sin mitigaciones detectables); Tema sensible (YMYL) sin disclaimers detectables en el archivo,4,0,0,No disponible en archivo,0,No disponible en archivo,"En este export, los mensajes con role=system existen pero su `content.parts` viene vacío; no hay texto de system prompt del GPT."
g-690e3e6c93c08191b56809c084e593cc,No disponible en archivo,No disponible en archivo,Evidencia de uso: Servicios SEO técnicos...,Ausente,marketing,generación,asistente,profesionales,bajo,1,2.6,3,3.2,4.07,1.2,2.8,2.347,1,2025-11-07T20:55:22.788876+00:00,gpt-5-thinking,conversations.json: gizmo_id=g-690e3e6c93c08191b56809c084e593cc; títulos=Servicios SEO técnicos; modelo=gpt-5-thinking,,3,0,0,No disponible en archivo,0,No disponible en archivo,"En este export, los mensajes con role=system existen pero su `content.parts` viene vacío; no hay texto de system prompt del GPT."
g-4Oy0wEYqz,No disponible en archivo,No disponible en archivo,Evidencia de uso: Empleos SEO y Copywriting...,Ausente,marketing,escritura,asistente,profesionales,bajo,1,1.6,1.8,1.8,3.55,1.2,2.8,1.775,1,2025-10-07T18:09:41.207283+00:00,gpt-5-thinking,conversations.json: gizmo_id=g-4Oy0wEYqz; títulos=Empleos SEO y Copywriting; modelo=gpt-5-thinking,,3,0,0,No disponible en archivo,0,No disponible en archivo,"En este export, los mensajes con role=system existen pero su `content.parts` viene vacío; no hay texto de system prompt del GPT."
g-690927de5a648191aac520522bfea22b,No disponible en archivo,No disponible en archivo,Evidencia de uso: QA reporte cumplimiento...,Ausente,otros,generación,asistente,general,bajo,1,1.6,1.8,1.8,4.02,1.2,2.8,1.822,1,2025-11-04T01:36:11.011682+00:00,gpt-5-thinking,conversations.json: gizmo_id=g-690927de5a648191aac520522bfea22b; títulos=QA reporte cumplimiento; modelo=gpt-5-thinking,,3,0,0,No disponible en archivo,0,No disponible en archivo,"En este export, los mensajes con role=system existen pero su `content.parts` viene vacío; no hay texto de system prompt del GPT."
g-p-6907ec66a77c8191b66a16f1e804c1d2,No disponible en archivo,No disponible en archivo,Evidencia de uso: Transición a STAR Story...,Ausente,otros,creatividad,asistente,general,bajo,1,1.6,1.8,1.8,3.98,1.2,2.8,1.818,1,2025-11-02T23:44:25.775085+00:00,gpt-5,conversations.json: gizmo_id=g-p-6907ec66a77c8191b66a16f1e804c1d2; títulos=Transición a STAR Story; modelo=gpt-5,,2,0,0,No disponible en archivo,0,No disponible en archivo,"En este export, los mensajes con role=system existen pero su `content.parts` viene vacío; no hay texto de system prompt del GPT."
g-68f3437d1c248191a285ad3807f4276c,No disponible en archivo,No disponible en archivo,Evidencia de uso: Solve document challenge...,Ausente,otros,generación,asistente,general,bajo,1,2.6,3,3.2,3.98,1.2,2.8,2.338,1,2025-11-02T21:19:28.204893+00:00,gpt-5,conversations.json: gizmo_id=g-68f3437d1c248191a285ad3807f4276c; títulos=Solve document challenge; modelo=gpt-5,,40,0,0,No disponible en archivo,0,No disponible en archivo,"En este export, los mensajes con role=system existen pero su `content.parts` viene vacío; no hay texto de system prompt del GPT."
g-6907d2083ed88191a67be390441a20da,No disponible en archivo,No disponible en archivo,Evidencia de uso: Qué puedo hacer...,Ausente,otros,generación,asistente,general,bajo,1,1.6,1.8,1.8,4,1.2,2.8,1.82,1,2025-11-03T00:18:34.888867+00:00,gpt-5,conversations.json: gizmo_id=g-6907d2083ed88191a67be390441a20da; títulos=Qué puedo hacer; modelo=gpt-5,,2,0,0,No disponible en archivo,0,No disponible en archivo,"En este export, los mensajes con role=system existen pero su `content.parts` viene vacío; no hay texto de system prompt del GPT."
g-69066f31a230819189054bb0d5631e4a,No disponible en archivo,No disponible en archivo,Evidencia de uso: Empezar portafolio nuevo...,Ausente,otros,generación,asistente,general,bajo,1,2.6,3,3.2,3.98,1.2,2.8,2.338,1,2025-11-02T01:33:31.354014+00:00,gpt-5,conversations.json: gizmo_id=g-69066f31a230819189054bb0d5631e4a; títulos=Empezar portafolio nuevo; modelo=gpt-5,,5,0,0,No disponible en archivo,0,No disponible en archivo,"En este export, los mensajes con role=system existen pero su `content.parts` viene vacío; no hay texto de system prompt del GPT."
g-69066971d82081919505412252b7055f,No disponible en archivo,No disponible en archivo,Evidencia de uso: Extraer publicaciones UNAM...,Ausente,otros,generación,asistente,general,bajo,1,1.6,1.8,1.8,3.97,1.2,2.8,1.817,1,2025-11-01T20:43:00.614216+00:00,gpt-5-thinking,conversations.json: gizmo_id=g-69066971d82081919505412252b7055f; títulos=Extraer publicaciones UNAM; modelo=gpt-5-thinking,,4,0,0,No disponible en archivo,0,No disponible en archivo,"En este export, los mensajes con role=system existen pero su `content.parts` viene vacío; no hay texto de system prompt del GPT."
g-690599e900288191bae6e03ec4762b4c,No disponible en archivo,No disponible en archivo,Evidencia de uso: Usos pinaverio dimeticona...,Ausente,otros,generación,asistente,general,bajo,1,1.6,1.8,1.8,3.97,1.2,2.8,1.817,1,2025-11-01T08:20:39.460273+00:00,gpt-5-thinking,conversations.json: gizmo_id=g-690599e900288191bae6e03ec4762b4c; títulos=Usos pinaverio dimeticona; modelo=gpt-5-thinking,,3,0,0,No disponible en archivo,0,No disponible en archivo,"En este export, los mensajes con role=system existen pero su `content.parts` viene vacío; no hay texto de system prompt del GPT."
g-690bdacd3b688191bb5a4483297c26d6,No disponible en archivo,No disponible en archivo,Evidencia de uso: Uso para resolver contenido...,Ausente,otros,generación,asistente,general,bajo,1,2.6,3,3.2,4.05,1.2,2.8,2.345,1,2025-11-06T05:34:58.813338+00:00,gpt-5-thinking,conversations.json: gizmo_id=g-690bdacd3b688191bb5a4483297c26d6; títulos=Uso para resolver contenido; modelo=gpt-5-thinking,,3,0,0,No disponible en archivo,0,No disponible en archivo,"En este export, los mensajes con role=system existen pero su `content.parts` viene vacío; no hay texto de system prompt del GPT."
g-p-69213f4b677881919d992b7fe803e1a5,No disponible en archivo,No disponible en archivo,Evidencia de uso: Plantillas para prompts...,Ausente,utilidades,planificación,copiloto,general,bajo,1,2.6,3,3.2,4.32,1.2,2.8,2.372,1,2025-11-22T04:49:53.789983+00:00,gpt-5-1-thinking,conversations.json: gizmo_id=g-p-69213f4b677881919d992b7fe803e1a5; títulos=Plantillas para prompts; modelo=gpt-5-1-thinking,,5,0,0,No disponible en archivo,0,No disponible en archivo,"En este export, los mensajes con role=system existen pero su `content.parts` viene vacío; no hay texto de system prompt del GPT."
g-68f0f70985c881918a07a3010dab1aeb,No disponible en archivo,No disponible en archivo,Evidencia de uso: Uso de PDF desafío...,Ausente,otros,generación,asistente,general,bajo,1,2.6,3,3.2,4.05,1.2,2.8,2.345,1,2025-11-06T06:27:14.491272+00:00,gpt-5,conversations.json: gizmo_id=g-68f0f70985c881918a07a3010dab1aeb; títulos=Uso de PDF desafío; modelo=gpt-5,,3,0,0,No disponible en archivo,0,No disponible en archivo,"En este export, los mensajes con role=system existen pero su `content.parts` viene vacío; no hay texto de system prompt del GPT."
g-6908e1ef91088191acf7bf3b07f7748d,No disponible en archivo,No disponible en archivo,Evidencia de uso: Diagrama heurístico Test Assignment...,Ausente,otros,generación,asistente,general,bajo,1,2.6,3,3.2,4.05,1.2,2.8,2.345,1,2025-11-06T20:50:03.725190+00:00,gpt-5-thinking,conversations.json: gizmo_id=g-6908e1ef91088191acf7bf3b07f7748d; títulos=Diagrama heurístico Test Assignment; modelo=gpt-5-thinking,,6,0,0,No disponible en archivo,0,No disponible en archivo,"En este export, los mensajes con role=system existen pero su `content.parts` viene vacío; no hay texto de system prompt del GPT."
g-68f1bcf924cc81919fe3bcf7526214cf,No disponible en archivo,No disponible en archivo,Evidencia de uso: SEO content ideas...,Ausente,"marketing, entretenimiento",creatividad,asistente,profesionales,bajo,1,2.6,3,3.2,3.73,1.2,2.8,2.313,1,2025-10-18T17:10:54.730667+00:00,gpt-5,conversations.json: gizmo_id=g-68f1bcf924cc81919fe3bcf7526214cf; títulos=SEO content ideas; modelo=gpt-5,,15,0,0,No disponible en archivo,0,No disponible en archivo,"En este export, los mensajes con role=system existen pero su `content.parts` viene vacío; no hay texto de system prompt del GPT."
g-690820c6fa8481918d74b710d2c3c220,No disponible en archivo,No disponible en archivo,Evidencia de uso: Auditoría SEO con GPT...,Ausente,marketing,generación,asistente,profesionales,bajo,1,2.6,3,3.2,4.07,1.2,2.8,2.347,1,2025-11-07T07:42:04.667808+00:00,gpt-5-thinking,conversations.json: gizmo_id=g-690820c6fa8481918d74b710d2c3c220; títulos=Auditoría SEO con GPT; modelo=gpt-5-thinking,,3,0,0,No disponible en archivo,0,No disponible en archivo,"En este export, los mensajes con role=system existen pero su `content.parts` viene vacío; no hay texto de system prompt del GPT."
g-6907d9b7f7f08191b433636bfb61b92c,No disponible en archivo,No disponible en archivo,Evidencia de uso: Estrategia LGP LCP LSP...,Ausente,negocios,planificación,copiloto,profesionales,bajo,1,2.6,3,3.2,3.98,1.2,2.8,2.338,1,2025-11-02T23:31:51.310252+00:00,gpt-5,conversations.json: gizmo_id=g-6907d9b7f7f08191b433636bfb61b92c; títulos=Estrategia LGP LCP LSP; modelo=gpt-5,,6,0,0,No disponible en archivo,0,No disponible en archivo,"En este export, los mensajes con role=system existen pero su `content.parts` viene vacío; no hay texto de system prompt del GPT."
g-2fkFE8rbu,No disponible en archivo,No disponible en archivo,Evidencia de uso: Perro zeppelin...,Ausente,otros,generación,asistente,general,bajo,1,1.6,1.8,1.8,4.15,1.2,2.8,1.835,1,2025-11-12T12:08:05.287582+00:00,gpt-4o,conversations.json: gizmo_id=g-2fkFE8rbu; títulos=Perro zeppelin; modelo=gpt-4o,,2,0,0,No disponible en archivo,0,No disponible en archivo,"En este export, los mensajes con role=system existen pero su `content.parts` viene vacío; no hay texto de system prompt del GPT."
g-Zyarn4020,No disponible en archivo,No disponible en archivo,Evidencia de uso: Missing task information...,Ausente,otros,generación,asistente,general,bajo,1,1.6,1.8,1.8,4.02,1.2,2.8,1.822,1,2025-11-04T22:57:50.971015+00:00,gpt-5-thinking,conversations.json: gizmo_id=g-Zyarn4020; títulos=Missing task information; modelo=gpt-5-thinking,,3,0,0,No disponible en archivo,0,No disponible en archivo,"En este export, los mensajes con role=system existen pero su `content.parts` viene vacío; no hay texto de system prompt del GPT."